name,sequence,file,vol_min,vol_max,vol_mod,pitch_min,pitch_max,dist_min,dist_max,channel,type,probability,loop,masterslave,loadspec,subtitle,compression,secondaryaliasname,volumefalloffcurve,startdelay,speakermap,reverb,lfe percentage,center percentage,platform,envelop_min,envelop_max,envelop percentage

# APB

# WAV sounds have to be wav, because looping, and mp3 puts an empty part on the beginning!
Theme,,apb/Theme.mp3,,,music,,,,,menu,streamed,,looping,,menu,,,,,,music,,,,,,,
EnemyKilled,,apb/EnemyKilled.mp3,,,,,,,,menu,streamed,,,,,,,,,,,,,,
EnemyAssist,,apb/EnemyAssist.mp3,,,,,,,,menu,streamed,,,,,,,,,,,,,,
EnemyStunned,,apb/EnemyStunned.mp3,,,,,,,,menu,streamed,,,,,,,,,,,,,,
EnemyArrested,,apb/EnemyArrested.mp3,,,,,,,,menu,streamed,,,,,,,,,,,,,,
Coin,,apb/Coin.mp3,,,,,,,,menu,streamed,,,,,,,,,,,,,,
Change,,mp/mp_oldschool_pickup_01.wav,,,,,,,,menu,streamed,,,,,,,,,,,,,,
Ready,,apb/Ready.mp3,,,,,,,,menu,streamed,,,,,,,,,,,,,,
NotReady,,apb/NotReady.mp3,,,,,,,,menu,streamed,,,,,,,,,,,,,,
MissionNotify,,apb/MissionNotify.mp3,,,,,,,,menu,streamed,,,,,,,,,,,,,,
BackupNotify,,apb/BackupNotify.mp3,,,,,,,,menu,streamed,,,,,,,,,,,,,,
Notify,,apb/Notify.mp3,,,,,,,,menu,streamed,,,,,,,,,,,,,,
Info,,apb/Info.mp3,0.5,,,,,,,menu,streamed,,,,,,,,,,,,,,
MainInfo,,apb/MainInfo.mp3,,,,,,,,menu,streamed,,,,,,,,,,,,,,
OneMinuteRemaining,,apb/OneMinuteRemaining.mp3,,,,,,,,menu,streamed,,,,,,,,,,,,,,
LoadBeep,,apb/LoadBeep.mp3,0.5,,,,,,,menu,streamed,,,,,,,,,,,,,,
LoadReady,,apb/LoadReady.mp3,0.5,,,,,,,menu,streamed,,,,,,,,,,,,,,
RoleLevelUp,,apb/RoleLevelUp.mp3,,,,,,,,menu,streamed,,,,,,,,,,,,,,
RoleLevelMax,,apb/RoleLevelMax.mp3,,,,,,,,menu,streamed,,,,,,,,,,,,,,
BountyClaimed,,apb/BountyClaimed.mp3,,,,,,,,menu,streamed,,,,,,,,,,,,,,
BountyAlert,,apb/BountyAlert.mp3,,,,,,,,menu,streamed,,,,,,,,,,,,,,
BountyGot,,apb/BountyGot.mp3,,,,,,,,menu,streamed,,,,,,,,,,,,,,
EarnItem,,apb/EarnItem.mp3,,,,,,,,menu,streamed,,,,,,,,,,,,,,
RewardReceivedArt,,apb/RewardReceivedArt.mp3,,,,,,,,menu,streamed,,,,,,,,,,,,,,
RewardReceivedWeapon,,apb/RewardReceivedWeapon.mp3,,,,,,,,menu,streamed,,,,,,,,,,,,,,
RewardReceivedMod,,apb/RewardReceivedMod.mp3,,,,,,,,menu,streamed,,,,,,,,,,,,,,
RewardReceivedCamo,,apb/RewardReceivedCamo.mp3,,,,,,,,menu,streamed,,,,,,,,,,,,,,
MissionWin,,apb/MissionWin.mp3,,,,,,,,menu,streamed,,,,,,,,,,,,,,
MissionLose,,apb/MissionLose.mp3,,,,,,,,menu,streamed,,,,,,,,,,,,,,
MissionStage,,apb/MissionStage.mp3,,,,,,,,menu,streamed,,,,,,,,,,,,,,
StarUp,,apb/StarUp.mp3,,,,,,,,menu,streamed,,,,,,,,,,,,,,
StarDown,,apb/StarDown.mp3,,,,,,,,menu,streamed,,,,,,,,,,,,,,
SupplierDown,,apb/SupplierDown.mp3,,,,,,,,menu,streamed,,,,,,,,,,,,,,
SupplierUp,,apb/SupplierUp.mp3,,,,,,,,menu,streamed,,,,,,,,,,,,,,
Invite,,apb/Invite.mp3,,,,,,,,menu,streamed,,,,,,,,,,,,,,
Overtime,,apb/Overtime.mp3,,,,,,,,menu,streamed,,,,,,,,,,,,,,
DoubleKill,,apb/DoubleKill.mp3,,,,,,,,menu,streamed,,,,,,,,,,,,,,
mouse_over,,apb/ButtonPos.wav,,,interface,,,,,menu,,,,,menu,,,,,,,nowetlevel fulldrylevel,,
music0,,music/HGW_Airlift_Deploy_v1.mp3,,,,,,,,menu,streamed,,,,,,,,,,,,,,
music1,,music/HGW_Airlift_Start_v16.mp3,,,,,,,,menu,streamed,,,,,,,,,,,,,,
music2,,music/HGW_Airplane_alt_v2b.mp3,,,,,,,,menu,streamed,,,,,,,,,,,,,,
music3,,music/armada_seanprice_church_cln.mp3,,,,,,,,menu,streamed,,,,,,,,,,,,,,
music4,,music/HGW_Armada_Start_v10.mp3,,,,,,,,menu,streamed,,,,,,,,,,,,,,
music5,,music/HGW_Coup_Intro_v38.mp3,,,,,,,,menu,streamed,,,,,,,,,,,,,,
music6,,music/HGW_ICBM_Tension2_v18.mp3,,,,,,,,menu,streamed,,,,,,,,,,,,,,
music7,,music/HGW_Jeepride_Chase_v9.mp3,,,,,,,,menu,streamed,,,,,,,,,,,,,,
music8,,music/HGW_jeepride_defense_v4.mp3,,,,,,,,menu,streamed,,,,,,,,,,,,,,
music9,,music/HGW_Jeepride_Showdown_v21.mp3,,,,,,,,menu,streamed,,,,,,,,,,,,,,
music10,,music/hgw_launch_a_action.mp3,,,,,,,,menu,streamed,,,,,,,,,,,,,,
music11,,music/HGW_Launch_B_Count_03.mp3,,,,,,,,menu,streamed,,,,,,,,,,,,,,
music12,,music/HGW_Launch_B_Count_05.mp3,,,,,,,,menu,streamed,,,,,,,,,,,,,,
music13,,music/HGW_Scoutsniper_Abandoned_v10.mp3,,,,,,,,menu,streamed,,,,,,,,,,,,,,
music14,,music/HGW_Scoutsniper_Deadpool_v1.mp3,,,,,,,,menu,streamed,,,,,,,,,,,,,,
music15,,music/HGW_Scoutsniper_Pripyat_v6.mp3,,,,,,,,menu,streamed,,,,,,,,,,,,,,
music16,,music/HGW_Scoutsniper_Surrounded_v7.mp3,,,,,,,,menu,streamed,,,,,,,,,,,,,,
music17,,music/HGW_Sniperescape_Exchange_v6.mp3,,,,,,,,menu,streamed,,,,,,,,,,,,,,
music18,,music/HGW_Sniperescape_Run_v3.mp3,,,,,,,,menu,streamed,,,,,,,,,,,,,,
music19,,music/mx_griggs_deep_hard.mp3,,,,,,,,menu,streamed,,,,,,,,,,,,,,
breach,,explosions/exp_door_metal_breach01.wav,,,explosion,,,8,1200,auto,streamed,,,,,,,,,,,,,,
stream,,explosions/steam_pipe_burst_str1.wav,,,explosion,,,8,1000,auto,streamed,,,,,,,,,,,,,,
fireext,,explosions/exp_door_metal_breach03.wav,,,explosion,,,8,1200,auto,streamed,,,,,,,,,,,,,,
BoardCrash,,apb/BoardCrash.mp3,,,,,,8,192,auto,streamed,,,,,,,,,,,,,,
DoorClose,,apb/DoorClose.mp3,,,,,,32,192,auto,streamed,,,,,,,,,,,,,,
DoorOpen,,apb/DoorOpen.mp3,,,,,,32,192,auto,streamed,,,,,,,,,,,,,,
LiftStart,,apb/LiftStart.mp3,,,,,,32,192,auto,streamed,,,,,,,,,,,,,,
LiftStop,,apb/LiftStop.mp3,,,,,,32,192,auto,streamed,,,,,,,,,,,,,,
LiftMove,,apb/LiftMove.wav,,,,,,32,192,auto,streamed,,looping,,,,,,,,,,,,
Train,,apb/Train.wav,,,,,,1080,2048,auto,streamed,,looping,,,,,,,,,,,,
order,1,battlechatter/us/7/US_7_order_move_generic_01.wav,,,chatteral,,,120,2800,voice,streamed,,,0.7
order,2,battlechatter/us/7/US_7_order_move_generic_02.wav,,,chatteral,,,120,2800,voice,streamed,,,0.7
order,3,battlechatter/us/7/US_7_order_move_generic_03.wav,,,chatteral,,,120,2800,voice,streamed,,,0.7
order,4,battlechatter/us/7/US_7_order_move_generic_04.wav,,,chatteral,,,120,2800,voice,streamed,,,0.7
order,5,battlechatter/us/7/US_7_order_move_generic_05.wav,,,chatteral,,,120,2800,voice,streamed,,,0.7
order,6,battlechatter/us/7/US_7_order_move_generic_06.wav,,,chatteral,,,120,2800,voice,streamed,,,0.7
order,7,battlechatter/us/7/US_7_order_move_generic_07.wav,,,chatteral,,,120,2800,voice,streamed,,,0.7

# HURT (NOT FOUND)

breathing_hurt,1,misc/mrk_breathing_hurt10.wav,0.9,1,max,0.95,1.05,120,1200,hurt,,,,master,,,,breathing_heartbeat
breathing_hurt,2,misc/mrk_breathing_hurt11.wav,0.9,1,max,0.95,1.05,120,1200,hurt,,,,master,,,,breathing_heartbeat
breathing_hurt,3,misc/mrk_breathing_hurt12.wav,0.9,1,max,0.95,1.05,120,1200,hurt,,,,master,,,,breathing_heartbeat
breathing_hurt,4,misc/mrk_breathing_hurt13.wav,0.9,1,max,0.95,1.05,120,1200,hurt,,,,master,,,,breathing_heartbeat
breathing_hurt,5,misc/mrk_breathing_hurt14.wav,0.9,1,max,0.95,1.05,120,1200,hurt,,,,master,,,,breathing_heartbeat
breathing_hurt,6,misc/mrk_breathing_hurt15.wav,0.9,1,max,0.95,1.05,120,1200,hurt,,,,master,,,,breathing_heartbeat
breathing_hurt,7,misc/mrk_breathing_hurt16.wav,0.9,1,max,0.95,1.05,120,1200,hurt,,,,master,,,,breathing_heartbeat
breathing_better,1,misc/mrk_breathing_better10.wav,0.9,1,max,0.95,1.05,120,1200,hurt,,,,,,,,
breathing_better,2,misc/mrk_breathing_better11.wav,0.9,1,max,0.95,1.05,120,1200,hurt,,,,,,,,
breathing_better,3,misc/mrk_breathing_better12.wav,0.9,1,max,0.95,1.05,120,1200,hurt,,,,,,,,
breathing_heartbeat,,weapons/foley/mrk_heartbeat_01.wav,0.9,1,max,0.9,1.2,7,500,ambient,,,,master,,,,

# FIX CONSOLE ERRORS

weap_c4detpack_trigger_npc,,null.wav,,,,,,,,,streamed,,,,,,,,,,,,,,
weap_c4detpack_safetyoff_npc,,null.wav,,,,,,,,,streamed,,,,,,,,,,,,,,
weap_c4detpack_safety_npc,,null.wav,,,,,,,,,streamed,,,,,,,,,,,,,,
# CONSOLE ERRORS BY MODELS
rocket_explode_default,,null.wav,,,,,,,,,streamed,,,,,,,,,,,,,,
phy_cargocontainer_default,,null.wav,,,,,,,,,streamed,,,,,,,,,,,,,,
phy_pipe_default,,null.wav,,,,,,,,,streamed,,,,,,,,,,,,,,

# THEMES

theme_8bit_0,,apb/theme/8bit_0.mp3,0.25,,,,,,,menu,streamed,,,,,,,,,,,,,,
theme_8bit_1,,apb/theme/8bit_1.mp3,0.25,,,,,,,menu,streamed,,,,,,,,,,,,,,
theme_8bit_2,,apb/theme/8bit_2.mp3,0.25,,,,,,,menu,streamed,,,,,,,,,,,,,,
theme_8bit_3,,apb/theme/8bit_3.mp3,0.25,,,,,,,menu,streamed,,,,,,,,,,,,,,
theme_8bit_4,,apb/theme/8bit_4.mp3,0.25,,,,,,,menu,streamed,,,,,,,,,,,,,,
theme_8bit_5,,apb/theme/8bit_5.mp3,0.25,,,,,,,menu,streamed,,,,,,,,,,,,,,
theme_8bit_6,,apb/theme/8bit_6.mp3,0.25,,,,,,,menu,streamed,,,,,,,,,,,,,,
theme_8bit_7,,apb/theme/8bit_7.mp3,0.25,,,,,,,menu,streamed,,,,,,,,,,,,,,
theme_8bit_8,,apb/theme/8bit_8.mp3,0.25,,,,,,,menu,streamed,,,,,,,,,,,,,,

theme_acguitar_0,,apb/theme/acguitar_0.mp3,0.35,,,2,,,,menu,streamed,,,,,,,,,,,,,,
theme_acguitar_1,,apb/theme/acguitar_1.mp3,0.35,,,2,,,,menu,streamed,,,,,,,,,,,,,,
theme_acguitar_2,,apb/theme/acguitar_2.mp3,0.35,,,2,,,,menu,streamed,,,,,,,,,,,,,,
theme_acguitar_3,,apb/theme/acguitar_3.mp3,0.35,,,2,,,,menu,streamed,,,,,,,,,,,,,,
theme_acguitar_4,,apb/theme/acguitar_4.mp3,0.35,,,2,,,,menu,streamed,,,,,,,,,,,,,,
theme_acguitar_5,,apb/theme/acguitar_5.mp3,0.35,,,2,,,,menu,streamed,,,,,,,,,,,,,,
theme_acguitar_6,,apb/theme/acguitar_6.mp3,0.35,,,2,,,,menu,streamed,,,,,,,,,,,,,,
theme_acguitar_7,,apb/theme/acguitar_7.mp3,0.35,,,2,,,,menu,streamed,,,,,,,,,,,,,,
theme_acguitar_8,,apb/theme/acguitar_8.mp3,0.35,,,2,,,,menu,streamed,,,,,,,,,,,,,,
theme_acguitar_9,,apb/theme/acguitar_9.mp3,0.35,,,2,,,,menu,streamed,,,,,,,,,,,,,,
theme_acguitar_10,,apb/theme/acguitar_10.mp3,0.35,,,2,,,,menu,streamed,,,,,,,,,,,,,,
theme_acguitar_11,,apb/theme/acguitar_11.mp3,0.35,,,2,,,,menu,streamed,,,,,,,,,,,,,,
theme_acguitar_12,,apb/theme/acguitar_12.mp3,0.35,,,2,,,,menu,streamed,,,,,,,,,,,,,,
theme_acguitar_13,,apb/theme/acguitar_13.mp3,0.35,,,2,,,,menu,streamed,,,,,,,,,,,,,,
theme_acguitar_14,,apb/theme/acguitar_14.mp3,0.35,,,2,,,,menu,streamed,,,,,,,,,,,,,,

theme_acpiano_0,,apb/theme/acpiano_0.mp3,0.35,,,2,,,,menu,streamed,,,,,,,,,,,,,,
theme_acpiano_1,,apb/theme/acpiano_1.mp3,0.35,,,2,,,,menu,streamed,,,,,,,,,,,,,,
theme_acpiano_2,,apb/theme/acpiano_2.mp3,0.35,,,2,,,,menu,streamed,,,,,,,,,,,,,,
theme_acpiano_3,,apb/theme/acpiano_3.mp3,0.35,,,2,,,,menu,streamed,,,,,,,,,,,,,,
theme_acpiano_4,,apb/theme/acpiano_4.mp3,0.35,,,2,,,,menu,streamed,,,,,,,,,,,,,,
theme_acpiano_5,,apb/theme/acpiano_5.mp3,0.35,,,2,,,,menu,streamed,,,,,,,,,,,,,,
theme_acpiano_6,,apb/theme/acpiano_6.mp3,0.35,,,2,,,,menu,streamed,,,,,,,,,,,,,,
theme_acpiano_7,,apb/theme/acpiano_7.mp3,0.35,,,2,,,,menu,streamed,,,,,,,,,,,,,,
theme_acpiano_8,,apb/theme/acpiano_8.mp3,0.35,,,2,,,,menu,streamed,,,,,,,,,,,,,,
theme_acpiano_9,,apb/theme/acpiano_9.mp3,0.35,,,2,,,,menu,streamed,,,,,,,,,,,,,,
theme_acpiano_10,,apb/theme/acpiano_10.mp3,0.35,,,2,,,,menu,streamed,,,,,,,,,,,,,,
theme_acpiano_11,,apb/theme/acpiano_11.mp3,0.35,,,2,,,,menu,streamed,,,,,,,,,,,,,,
theme_acpiano_12,,apb/theme/acpiano_12.mp3,0.35,,,2,,,,menu,streamed,,,,,,,,,,,,,,
theme_acpiano_13,,apb/theme/acpiano_13.mp3,0.35,,,2,,,,menu,streamed,,,,,,,,,,,,,,
theme_acpiano_14,,apb/theme/acpiano_14.mp3,0.35,,,2,,,,menu,streamed,,,,,,,,,,,,,,
theme_acpiano_15,,apb/theme/acpiano_15.mp3,0.35,,,2,,,,menu,streamed,,,,,,,,,,,,,,
theme_acpiano_16,,apb/theme/acpiano_16.mp3,0.35,,,2,,,,menu,streamed,,,,,,,,,,,,,,
theme_acpiano_17,,apb/theme/acpiano_17.mp3,0.35,,,2,,,,menu,streamed,,,,,,,,,,,,,,
theme_acpiano_18,,apb/theme/acpiano_18.mp3,0.35,,,2,,,,menu,streamed,,,,,,,,,,,,,,
theme_acpiano_19,,apb/theme/acpiano_19.mp3,0.35,,,2,,,,menu,streamed,,,,,,,,,,,,,,
theme_acpiano_20,,apb/theme/acpiano_20.mp3,0.35,,,2,,,,menu,streamed,,,,,,,,,,,,,,
theme_acpiano_21,,apb/theme/acpiano_21.mp3,0.35,,,2,,,,menu,streamed,,,,,,,,,,,,,,
theme_acpiano_22,,apb/theme/acpiano_22.mp3,0.35,,,2,,,,menu,streamed,,,,,,,,,,,,,,
theme_acpiano_23,,apb/theme/acpiano_23.mp3,0.35,,,2,,,,menu,streamed,,,,,,,,,,,,,,
theme_acpiano_24,,apb/theme/acpiano_24.mp3,0.35,,,2,,,,menu,streamed,,,,,,,,,,,,,,

theme_bbbass1_0,,apb/theme/bbbass1_0.mp3,0.5,,,,,,,menu,streamed,,,,,,,,,,,,,,
theme_bbbass1_1,,apb/theme/bbbass1_1.mp3,0.5,,,,,,,menu,streamed,,,,,,,,,,,,,,
theme_bbbass1_2,,apb/theme/bbbass1_2.mp3,0.5,,,,,,,menu,streamed,,,,,,,,,,,,,,
theme_bbbass1_3,,apb/theme/bbbass1_3.mp3,0.5,,,,,,,menu,streamed,,,,,,,,,,,,,,
theme_bbbass1_4,,apb/theme/bbbass1_4.mp3,0.5,,,,,,,menu,streamed,,,,,,,,,,,,,,
theme_bbbass1_5,,apb/theme/bbbass1_5.mp3,0.5,,,,,,,menu,streamed,,,,,,,,,,,,,,
theme_bbbass1_6,,apb/theme/bbbass1_6.mp3,0.5,,,,,,,menu,streamed,,,,,,,,,,,,,,
theme_bbbass1_7,,apb/theme/bbbass1_7.mp3,0.5,,,,,,,menu,streamed,,,,,,,,,,,,,,
theme_bbbass1_8,,apb/theme/bbbass1_8.mp3,0.5,,,,,,,menu,streamed,,,,,,,,,,,,,,
theme_bbbass1_9,,apb/theme/bbbass1_9.mp3,0.5,,,,,,,menu,streamed,,,,,,,,,,,,,,
theme_bbbass1_10,,apb/theme/bbbass1_10.mp3,0.5,,,,,,,menu,streamed,,,,,,,,,,,,,,

theme_bbbass2_0,,apb/theme/bbbass2_0.mp3,0.5,,,,,,,menu,streamed,,,,,,,,,,,,,,
theme_bbbass2_1,,apb/theme/bbbass2_1.mp3,0.5,,,,,,,menu,streamed,,,,,,,,,,,,,,
theme_bbbass2_2,,apb/theme/bbbass2_2.mp3,0.5,,,,,,,menu,streamed,,,,,,,,,,,,,,
theme_bbbass2_3,,apb/theme/bbbass2_3.mp3,0.5,,,,,,,menu,streamed,,,,,,,,,,,,,,
theme_bbbass2_4,,apb/theme/bbbass2_4.mp3,0.5,,,,,,,menu,streamed,,,,,,,,,,,,,,
theme_bbbass2_5,,apb/theme/bbbass2_5.mp3,0.5,,,,,,,menu,streamed,,,,,,,,,,,,,,
theme_bbbass2_6,,apb/theme/bbbass2_6.mp3,0.5,,,,,,,menu,streamed,,,,,,,,,,,,,,
theme_bbbass2_7,,apb/theme/bbbass2_7.mp3,0.5,,,,,,,menu,streamed,,,,,,,,,,,,,,
theme_bbbass2_8,,apb/theme/bbbass2_8.mp3,0.5,,,,,,,menu,streamed,,,,,,,,,,,,,,
theme_bbbass2_9,,apb/theme/bbbass2_9.mp3,0.5,,,,,,,menu,streamed,,,,,,,,,,,,,,
theme_bbbass2_10,,apb/theme/bbbass2_10.mp3,0.5,,,,,,,menu,streamed,,,,,,,,,,,,,,

theme_bbbass3_0,,apb/theme/bbbass3_0.mp3,0.5,,,,,,,menu,streamed,,,,,,,,,,,,,,
theme_bbbass3_1,,apb/theme/bbbass3_1.mp3,0.5,,,,,,,menu,streamed,,,,,,,,,,,,,,
theme_bbbass3_2,,apb/theme/bbbass3_2.mp3,0.5,,,,,,,menu,streamed,,,,,,,,,,,,,,
theme_bbbass3_3,,apb/theme/bbbass3_3.mp3,0.5,,,,,,,menu,streamed,,,,,,,,,,,,,,
theme_bbbass3_4,,apb/theme/bbbass3_4.mp3,0.5,,,,,,,menu,streamed,,,,,,,,,,,,,,
theme_bbbass3_5,,apb/theme/bbbass3_5.mp3,0.5,,,,,,,menu,streamed,,,,,,,,,,,,,,
theme_bbbass3_6,,apb/theme/bbbass3_6.mp3,0.5,,,,,,,menu,streamed,,,,,,,,,,,,,,
theme_bbbass3_7,,apb/theme/bbbass3_7.mp3,0.5,,,,,,,menu,streamed,,,,,,,,,,,,,,
theme_bbbass3_8,,apb/theme/bbbass3_8.mp3,0.5,,,,,,,menu,streamed,,,,,,,,,,,,,,
theme_bbbass3_9,,apb/theme/bbbass3_9.mp3,0.5,,,,,,,menu,streamed,,,,,,,,,,,,,,
theme_bbbass3_10,,apb/theme/bbbass3_10.mp3,0.5,,,,,,,menu,streamed,,,,,,,,,,,,,,

theme_bbdrum_0,,apb/theme/bbdrum_0.mp3,0.7,,,,,,,menu,streamed,,,,,,,,,,,,,,
theme_bbdrum_1,,apb/theme/bbdrum_1.mp3,0.7,,,,,,,menu,streamed,,,,,,,,,,,,,,
theme_bbdrum_2,,apb/theme/bbdrum_2.mp3,0.7,,,,,,,menu,streamed,,,,,,,,,,,,,,
theme_bbdrum_3,,apb/theme/bbdrum_3.mp3,0.7,,,,,,,menu,streamed,,,,,,,,,,,,,,
theme_bbdrum_4,,apb/theme/bbdrum_4.mp3,0.7,,,,,,,menu,streamed,,,,,,,,,,,,,,
theme_bbdrum_5,,apb/theme/bbdrum_5.mp3,0.7,,,,,,,menu,streamed,,,,,,,,,,,,,,
theme_bbdrum_6,,apb/theme/bbdrum_6.mp3,0.7,,,,,,,menu,streamed,,,,,,,,,,,,,,
theme_bbdrum_7,,apb/theme/bbdrum_7.mp3,0.7,,,,,,,menu,streamed,,,,,,,,,,,,,,
theme_bbdrum_8,,apb/theme/bbdrum_8.mp3,0.7,,,,,,,menu,streamed,,,,,,,,,,,,,,
theme_bbdrum_9,,apb/theme/bbdrum_9.mp3,0.7,,,,,,,menu,streamed,,,,,,,,,,,,,,
theme_bbdrum_10,,apb/theme/bbdrum_10.mp3,0.7,,,,,,,menu,streamed,,,,,,,,,,,,,,
theme_bbdrum_11,,apb/theme/bbdrum_11.mp3,0.7,,,,,,,menu,streamed,,,,,,,,,,,,,,
theme_bbdrum_12,,apb/theme/bbdrum_12.mp3,0.7,,,,,,,menu,streamed,,,,,,,,,,,,,,
theme_bbdrum_13,,apb/theme/bbdrum_13.mp3,0.7,,,,,,,menu,streamed,,,,,,,,,,,,,,
theme_bbdrum_14,,apb/theme/bbdrum_14.mp3,0.7,,,,,,,menu,streamed,,,,,,,,,,,,,,
theme_bbdrum_15,,apb/theme/bbdrum_15.mp3,0.7,,,,,,,menu,streamed,,,,,,,,,,,,,,
theme_bbdrum_16,,apb/theme/bbdrum_16.mp3,0.7,,,,,,,menu,streamed,,,,,,,,,,,,,,
theme_bbdrum_17,,apb/theme/bbdrum_17.mp3,0.7,,,,,,,menu,streamed,,,,,,,,,,,,,,
theme_bbdrum_18,,apb/theme/bbdrum_18.mp3,0.7,,,,,,,menu,streamed,,,,,,,,,,,,,,

theme_bbguitar1_0,,apb/theme/bbguitar1_0.mp3,0.5,,,,,,,menu,streamed,,,,,,,,,,,,,,
theme_bbguitar1_1,,apb/theme/bbguitar1_1.mp3,0.5,,,,,,,menu,streamed,,,,,,,,,,,,,,
theme_bbguitar1_2,,apb/theme/bbguitar1_2.mp3,0.5,,,,,,,menu,streamed,,,,,,,,,,,,,,
theme_bbguitar1_3,,apb/theme/bbguitar1_3.mp3,0.5,,,,,,,menu,streamed,,,,,,,,,,,,,,
theme_bbguitar1_4,,apb/theme/bbguitar1_4.mp3,0.5,,,,,,,menu,streamed,,,,,,,,,,,,,,
theme_bbguitar1_5,,apb/theme/bbguitar1_5.mp3,0.5,,,,,,,menu,streamed,,,,,,,,,,,,,,
theme_bbguitar1_6,,apb/theme/bbguitar1_6.mp3,0.5,,,,,,,menu,streamed,,,,,,,,,,,,,,
theme_bbguitar1_7,,apb/theme/bbguitar1_7.mp3,0.5,,,,,,,menu,streamed,,,,,,,,,,,,,,
theme_bbguitar1_8,,apb/theme/bbguitar1_8.mp3,0.5,,,,,,,menu,streamed,,,,,,,,,,,,,,
theme_bbguitar1_9,,apb/theme/bbguitar1_9.mp3,0.5,,,,,,,menu,streamed,,,,,,,,,,,,,,
theme_bbguitar1_10,,apb/theme/bbguitar1_10.mp3,0.5,,,,,,,menu,streamed,,,,,,,,,,,,,,

theme_bbguitar2_0,,apb/theme/bbguitar2_0.mp3,0.5,,,,,,,menu,streamed,,,,,,,,,,,,,,
theme_bbguitar2_1,,apb/theme/bbguitar2_1.mp3,0.5,,,,,,,menu,streamed,,,,,,,,,,,,,,
theme_bbguitar2_2,,apb/theme/bbguitar2_2.mp3,0.5,,,,,,,menu,streamed,,,,,,,,,,,,,,
theme_bbguitar2_3,,apb/theme/bbguitar2_3.mp3,0.5,,,,,,,menu,streamed,,,,,,,,,,,,,,
theme_bbguitar2_4,,apb/theme/bbguitar2_4.mp3,0.5,,,,,,,menu,streamed,,,,,,,,,,,,,,
theme_bbguitar2_5,,apb/theme/bbguitar2_5.mp3,0.5,,,,,,,menu,streamed,,,,,,,,,,,,,,
theme_bbguitar2_6,,apb/theme/bbguitar2_6.mp3,0.5,,,,,,,menu,streamed,,,,,,,,,,,,,,
theme_bbguitar2_7,,apb/theme/bbguitar2_7.mp3,0.5,,,,,,,menu,streamed,,,,,,,,,,,,,,
theme_bbguitar2_8,,apb/theme/bbguitar2_8.mp3,0.5,,,,,,,menu,streamed,,,,,,,,,,,,,,
theme_bbguitar2_9,,apb/theme/bbguitar2_9.mp3,0.5,,,,,,,menu,streamed,,,,,,,,,,,,,,

theme_bbguitar3_0,,apb/theme/bbguitar3_0.mp3,0.25,,,,,,,menu,streamed,,,,,,,,,,,,,,
theme_bbguitar3_1,,apb/theme/bbguitar3_1.mp3,0.25,,,,,,,menu,streamed,,,,,,,,,,,,,,
theme_bbguitar3_2,,apb/theme/bbguitar3_2.mp3,0.25,,,,,,,menu,streamed,,,,,,,,,,,,,,
theme_bbguitar3_3,,apb/theme/bbguitar3_3.mp3,0.25,,,,,,,menu,streamed,,,,,,,,,,,,,,
theme_bbguitar3_4,,apb/theme/bbguitar3_4.mp3,0.25,,,,,,,menu,streamed,,,,,,,,,,,,,,
theme_bbguitar3_5,,apb/theme/bbguitar3_5.mp3,0.25,,,,,,,menu,streamed,,,,,,,,,,,,,,
theme_bbguitar3_6,,apb/theme/bbguitar3_6.mp3,0.25,,,,,,,menu,streamed,,,,,,,,,,,,,,
theme_bbguitar3_7,,apb/theme/bbguitar3_7.mp3,0.25,,,,,,,menu,streamed,,,,,,,,,,,,,,
theme_bbguitar3_8,,apb/theme/bbguitar3_8.mp3,0.25,,,,,,,menu,streamed,,,,,,,,,,,,,,
theme_bbguitar3_9,,apb/theme/bbguitar3_9.mp3,0.25,,,,,,,menu,streamed,,,,,,,,,,,,,,
theme_bbguitar3_10,,apb/theme/bbguitar3_10.mp3,0.25,,,,,,,menu,streamed,,,,,,,,,,,,,,
theme_bbguitar3_11,,apb/theme/bbguitar3_11.mp3,0.25,,,,,,,menu,streamed,,,,,,,,,,,,,,
theme_bbguitar3_12,,apb/theme/bbguitar3_12.mp3,0.25,,,,,,,menu,streamed,,,,,,,,,,,,,,
theme_bbguitar3_13,,apb/theme/bbguitar3_13.mp3,0.25,,,,,,,menu,streamed,,,,,,,,,,,,,,
theme_bbguitar3_14,,apb/theme/bbguitar3_14.mp3,0.25,,,,,,,menu,streamed,,,,,,,,,,,,,,
theme_bbguitar3_15,,apb/theme/bbguitar3_15.mp3,0.25,,,,,,,menu,streamed,,,,,,,,,,,,,,

theme_bbguitar4_0,,apb/theme/bbguitar4_0.mp3,0.25,,,,,,,menu,streamed,,,,,,,,,,,,,,
theme_bbguitar4_1,,apb/theme/bbguitar4_1.mp3,0.25,,,,,,,menu,streamed,,,,,,,,,,,,,,
theme_bbguitar4_2,,apb/theme/bbguitar4_2.mp3,0.25,,,,,,,menu,streamed,,,,,,,,,,,,,,
theme_bbguitar4_3,,apb/theme/bbguitar4_3.mp3,0.25,,,,,,,menu,streamed,,,,,,,,,,,,,,
theme_bbguitar4_4,,apb/theme/bbguitar4_4.mp3,0.25,,,,,,,menu,streamed,,,,,,,,,,,,,,
theme_bbguitar4_5,,apb/theme/bbguitar4_5.mp3,0.25,,,,,,,menu,streamed,,,,,,,,,,,,,,
theme_bbguitar4_6,,apb/theme/bbguitar4_6.mp3,0.25,,,,,,,menu,streamed,,,,,,,,,,,,,,
theme_bbguitar4_7,,apb/theme/bbguitar4_7.mp3,0.25,,,,,,,menu,streamed,,,,,,,,,,,,,,
theme_bbguitar4_8,,apb/theme/bbguitar4_8.mp3,0.25,,,,,,,menu,streamed,,,,,,,,,,,,,,
theme_bbguitar4_9,,apb/theme/bbguitar4_9.mp3,0.25,,,,,,,menu,streamed,,,,,,,,,,,,,,
theme_bbguitar4_10,,apb/theme/bbguitar4_10.mp3,0.25,,,,,,,menu,streamed,,,,,,,,,,,,,,
theme_bbguitar4_11,,apb/theme/bbguitar4_11.mp3,0.25,,,,,,,menu,streamed,,,,,,,,,,,,,,
theme_bbguitar4_12,,apb/theme/bbguitar4_12.mp3,0.25,,,,,,,menu,streamed,,,,,,,,,,,,,,
theme_bbguitar4_13,,apb/theme/bbguitar4_13.mp3,0.25,,,,,,,menu,streamed,,,,,,,,,,,,,,
theme_bbguitar4_14,,apb/theme/bbguitar4_14.mp3,0.25,,,,,,,menu,streamed,,,,,,,,,,,,,,
theme_bbguitar4_15,,apb/theme/bbguitar4_15.mp3,0.25,,,,,,,menu,streamed,,,,,,,,,,,,,,

theme_bbguitar5_0,,apb/theme/bbguitar5_0.mp3,0.25,,,,,,,menu,streamed,,,,,,,,,,,,,,
theme_bbguitar5_1,,apb/theme/bbguitar5_1.mp3,0.25,,,,,,,menu,streamed,,,,,,,,,,,,,,
theme_bbguitar5_2,,apb/theme/bbguitar5_2.mp3,0.25,,,,,,,menu,streamed,,,,,,,,,,,,,,
theme_bbguitar5_3,,apb/theme/bbguitar5_3.mp3,0.25,,,,,,,menu,streamed,,,,,,,,,,,,,,
theme_bbguitar5_4,,apb/theme/bbguitar5_4.mp3,0.25,,,,,,,menu,streamed,,,,,,,,,,,,,,
theme_bbguitar5_5,,apb/theme/bbguitar5_5.mp3,0.25,,,,,,,menu,streamed,,,,,,,,,,,,,,
theme_bbguitar5_6,,apb/theme/bbguitar5_6.mp3,0.25,,,,,,,menu,streamed,,,,,,,,,,,,,,
theme_bbguitar5_7,,apb/theme/bbguitar5_7.mp3,0.25,,,,,,,menu,streamed,,,,,,,,,,,,,,
theme_bbguitar5_8,,apb/theme/bbguitar5_8.mp3,0.25,,,,,,,menu,streamed,,,,,,,,,,,,,,
theme_bbguitar5_9,,apb/theme/bbguitar5_9.mp3,0.25,,,,,,,menu,streamed,,,,,,,,,,,,,,
theme_bbguitar5_10,,apb/theme/bbguitar5_10.mp3,0.25,,,,,,,menu,streamed,,,,,,,,,,,,,,
theme_bbguitar5_11,,apb/theme/bbguitar5_11.mp3,0.25,,,,,,,menu,streamed,,,,,,,,,,,,,,
theme_bbguitar5_12,,apb/theme/bbguitar5_12.mp3,0.25,,,,,,,menu,streamed,,,,,,,,,,,,,,
theme_bbguitar5_13,,apb/theme/bbguitar5_13.mp3,0.25,,,,,,,menu,streamed,,,,,,,,,,,,,,
theme_bbguitar5_14,,apb/theme/bbguitar5_14.mp3,0.25,,,,,,,menu,streamed,,,,,,,,,,,,,,
theme_bbguitar5_15,,apb/theme/bbguitar5_15.mp3,0.25,,,,,,,menu,streamed,,,,,,,,,,,,,,

theme_bbstring_0,,apb/theme/bbstring_0.mp3,0.35,,,,,,,menu,streamed,,,,,,,,,,,,,,
theme_bbstring_1,,apb/theme/bbstring_1.mp3,0.35,,,,,,,menu,streamed,,,,,,,,,,,,,,
theme_bbstring_2,,apb/theme/bbstring_2.mp3,0.35,,,,,,,menu,streamed,,,,,,,,,,,,,,
theme_bbstring_3,,apb/theme/bbstring_3.mp3,0.35,,,,,,,menu,streamed,,,,,,,,,,,,,,
theme_bbstring_4,,apb/theme/bbstring_4.mp3,0.35,,,,,,,menu,streamed,,,,,,,,,,,,,,
theme_bbstring_5,,apb/theme/bbstring_5.mp3,0.35,,,,,,,menu,streamed,,,,,,,,,,,,,,
theme_bbstring_6,,apb/theme/bbstring_6.mp3,0.35,,,,,,,menu,streamed,,,,,,,,,,,,,,

theme_dbbass_0,,apb/theme/dbbass_0.mp3,0.5,,,,,,,menu,streamed,,,,,,,,,,,,,,
theme_dbbass_1,,apb/theme/dbbass_1.mp3,0.5,,,,,,,menu,streamed,,,,,,,,,,,,,,
theme_dbbass_2,,apb/theme/dbbass_2.mp3,0.5,,,,,,,menu,streamed,,,,,,,,,,,,,,
theme_dbbass_3,,apb/theme/dbbass_3.mp3,0.5,,,,,,,menu,streamed,,,,,,,,,,,,,,
theme_dbbass_4,,apb/theme/dbbass_4.mp3,0.5,,,,,,,menu,streamed,,,,,,,,,,,,,,
theme_dbbass_5,,apb/theme/dbbass_5.mp3,0.5,,,,,,,menu,streamed,,,,,,,,,,,,,,
theme_dbbass_6,,apb/theme/dbbass_6.mp3,0.5,,,,,,,menu,streamed,,,,,,,,,,,,,,
theme_dbbass_7,,apb/theme/dbbass_7.mp3,0.5,,,,,,,menu,streamed,,,,,,,,,,,,,,

theme_dbdrum_0,,apb/theme/dbdrum_0.mp3,0.4,,,,,,,menu,streamed,,,,,,,,,,,,,,
theme_dbdrum_1,,apb/theme/dbdrum_1.mp3,0.4,,,,,,,menu,streamed,,,,,,,,,,,,,,
theme_dbdrum_2,,apb/theme/dbdrum_2.mp3,0.4,,,,,,,menu,streamed,,,,,,,,,,,,,,
theme_dbdrum_3,,apb/theme/dbdrum_3.mp3,0.4,,,,,,,menu,streamed,,,,,,,,,,,,,,
theme_dbdrum_4,,apb/theme/dbdrum_4.mp3,0.4,,,,,,,menu,streamed,,,,,,,,,,,,,,
theme_dbdrum_5,,apb/theme/dbdrum_5.mp3,0.4,,,,,,,menu,streamed,,,,,,,,,,,,,,
theme_dbdrum_6,,apb/theme/dbdrum_6.mp3,0.4,,,,,,,menu,streamed,,,,,,,,,,,,,,
theme_dbdrum_7,,apb/theme/dbdrum_7.mp3,0.4,,,,,,,menu,streamed,,,,,,,,,,,,,,
theme_dbdrum_8,,apb/theme/dbdrum_8.mp3,0.4,,,,,,,menu,streamed,,,,,,,,,,,,,,
theme_dbdrum_9,,apb/theme/dbdrum_9.mp3,0.4,,,,,,,menu,streamed,,,,,,,,,,,,,,
theme_dbdrum_10,,apb/theme/dbdrum_10.mp3,0.4,,,,,,,menu,streamed,,,,,,,,,,,,,,
theme_dbdrum_11,,apb/theme/dbdrum_11.mp3,0.4,,,,,,,menu,streamed,,,,,,,,,,,,,,
theme_dbdrum_12,,apb/theme/dbdrum_12.mp3,0.4,,,,,,,menu,streamed,,,,,,,,,,,,,,
theme_dbdrum_13,,apb/theme/dbdrum_13.mp3,0.4,,,,,,,menu,streamed,,,,,,,,,,,,,,
theme_dbdrum_14,,apb/theme/dbdrum_14.mp3,0.4,,,,,,,menu,streamed,,,,,,,,,,,,,,
theme_dbdrum_15,,apb/theme/dbdrum_15.mp3,0.4,,,,,,,menu,streamed,,,,,,,,,,,,,,
theme_dbdrum_16,,apb/theme/dbdrum_16.mp3,0.4,,,,,,,menu,streamed,,,,,,,,,,,,,,
theme_dbdrum_17,,apb/theme/dbdrum_17.mp3,0.4,,,,,,,menu,streamed,,,,,,,,,,,,,,
theme_dbdrum_18,,apb/theme/dbdrum_18.mp3,0.4,,,,,,,menu,streamed,,,,,,,,,,,,,,
theme_dbdrum_19,,apb/theme/dbdrum_19.mp3,0.4,,,,,,,menu,streamed,,,,,,,,,,,,,,

theme_dbguitar1_0,,apb/theme/dbguitar1_0.mp3,0.5,,,,,,,menu,streamed,,,,,,,,,,,,,,
theme_dbguitar1_1,,apb/theme/dbguitar1_1.mp3,0.5,,,,,,,menu,streamed,,,,,,,,,,,,,,
theme_dbguitar1_2,,apb/theme/dbguitar1_2.mp3,0.5,,,,,,,menu,streamed,,,,,,,,,,,,,,

theme_dbguitar2_0,,apb/theme/dbguitar2_0.mp3,0.5,,,,,,,menu,streamed,,,,,,,,,,,,,,
theme_dbguitar2_1,,apb/theme/dbguitar2_1.mp3,0.5,,,,,,,menu,streamed,,,,,,,,,,,,,,
theme_dbguitar2_2,,apb/theme/dbguitar2_2.mp3,0.5,,,,,,,menu,streamed,,,,,,,,,,,,,,
theme_dbguitar2_3,,apb/theme/dbguitar2_3.mp3,0.5,,,,,,,menu,streamed,,,,,,,,,,,,,,

theme_dbguitar3_0,,apb/theme/dbguitar3_0.mp3,0.5,,,,,,,menu,streamed,,,,,,,,,,,,,,
theme_dbguitar3_1,,apb/theme/dbguitar3_1.mp3,0.5,,,,,,,menu,streamed,,,,,,,,,,,,,,
theme_dbguitar3_2,,apb/theme/dbguitar3_2.mp3,0.5,,,,,,,menu,streamed,,,,,,,,,,,,,,
theme_dbguitar3_3,,apb/theme/dbguitar3_3.mp3,0.5,,,,,,,menu,streamed,,,,,,,,,,,,,,
theme_dbguitar3_4,,apb/theme/dbguitar3_4.mp3,0.5,,,,,,,menu,streamed,,,,,,,,,,,,,,
theme_dbguitar3_5,,apb/theme/dbguitar3_5.mp3,0.5,,,,,,,menu,streamed,,,,,,,,,,,,,,
theme_dbguitar3_6,,apb/theme/dbguitar3_6.mp3,0.5,,,,,,,menu,streamed,,,,,,,,,,,,,,
theme_dbguitar3_7,,apb/theme/dbguitar3_7.mp3,0.5,,,,,,,menu,streamed,,,,,,,,,,,,,,
theme_dbguitar3_8,,apb/theme/dbguitar3_8.mp3,0.5,,,,,,,menu,streamed,,,,,,,,,,,,,,
theme_dbguitar3_9,,apb/theme/dbguitar3_9.mp3,0.5,,,,,,,menu,streamed,,,,,,,,,,,,,,
theme_dbguitar3_10,,apb/theme/dbguitar3_10.mp3,0.5,,,,,,,menu,streamed,,,,,,,,,,,,,,
theme_dbguitar3_11,,apb/theme/dbguitar3_11.mp3,0.5,,,,,,,menu,streamed,,,,,,,,,,,,,,
theme_dbguitar3_12,,apb/theme/dbguitar3_12.mp3,0.5,,,,,,,menu,streamed,,,,,,,,,,,,,,

theme_dblead_0,,apb/theme/dblead_0.mp3,0.25,,,,,,,menu,streamed,,,,,,,,,,,,,,
theme_dblead_1,,apb/theme/dblead_1.mp3,0.25,,,,,,,menu,streamed,,,,,,,,,,,,,,
theme_dblead_2,,apb/theme/dblead_2.mp3,0.25,,,,,,,menu,streamed,,,,,,,,,,,,,,
theme_dblead_3,,apb/theme/dblead_3.mp3,0.25,,,,,,,menu,streamed,,,,,,,,,,,,,,
theme_dblead_4,,apb/theme/dblead_4.mp3,0.25,,,,,,,menu,streamed,,,,,,,,,,,,,,
theme_dblead_5,,apb/theme/dblead_5.mp3,0.25,,,,,,,menu,streamed,,,,,,,,,,,,,,
theme_dblead_6,,apb/theme/dblead_6.mp3,0.25,,,,,,,menu,streamed,,,,,,,,,,,,,,
theme_dblead_7,,apb/theme/dblead_7.mp3,0.25,,,,,,,menu,streamed,,,,,,,,,,,,,,
theme_dblead_8,,apb/theme/dblead_8.mp3,0.25,,,,,,,menu,streamed,,,,,,,,,,,,,,

theme_dbpad_0,,apb/theme/dbpad_0.mp3,0.25,,,,,,,menu,streamed,,,,,,,,,,,,,,
theme_dbpad_1,,apb/theme/dbpad_1.mp3,0.25,,,,,,,menu,streamed,,,,,,,,,,,,,,
theme_dbpad_2,,apb/theme/dbpad_2.mp3,0.25,,,,,,,menu,streamed,,,,,,,,,,,,,,
theme_dbpad_3,,apb/theme/dbpad_3.mp3,0.25,,,,,,,menu,streamed,,,,,,,,,,,,,,
theme_dbpad_4,,apb/theme/dbpad_4.mp3,0.25,,,,,,,menu,streamed,,,,,,,,,,,,,,
theme_dbpad_5,,apb/theme/dbpad_5.mp3,0.25,,,,,,,menu,streamed,,,,,,,,,,,,,,
theme_dbpad_6,,apb/theme/dbpad_6.mp3,0.25,,,,,,,menu,streamed,,,,,,,,,,,,,,
theme_dbpad_7,,apb/theme/dbpad_7.mp3,0.25,,,,,,,menu,streamed,,,,,,,,,,,,,,
theme_dbpad_8,,apb/theme/dbpad_8.mp3,0.25,,,,,,,menu,streamed,,,,,,,,,,,,,,
theme_dbpad_9,,apb/theme/dbpad_9.mp3,0.25,,,,,,,menu,streamed,,,,,,,,,,,,,,
theme_dbpad_10,,apb/theme/dbpad_10.mp3,0.25,,,,,,,menu,streamed,,,,,,,,,,,,,,
theme_dbpad_11,,apb/theme/dbpad_11.mp3,0.25,,,,,,,menu,streamed,,,,,,,,,,,,,,
theme_dbpad_12,,apb/theme/dbpad_12.mp3,0.25,,,,,,,menu,streamed,,,,,,,,,,,,,,
theme_dbpad_13,,apb/theme/dbpad_13.mp3,0.25,,,,,,,menu,streamed,,,,,,,,,,,,,,
theme_dbpad_14,,apb/theme/dbpad_14.mp3,0.25,,,,,,,menu,streamed,,,,,,,,,,,,,,
theme_dbpad_15,,apb/theme/dbpad_15.mp3,0.25,,,,,,,menu,streamed,,,,,,,,,,,,,,
theme_dbpad_16,,apb/theme/dbpad_16.mp3,0.25,,,,,,,menu,streamed,,,,,,,,,,,,,,
theme_dbpad_17,,apb/theme/dbpad_17.mp3,0.25,,,,,,,menu,streamed,,,,,,,,,,,,,,
theme_dbpad_18,,apb/theme/dbpad_18.mp3,0.25,,,,,,,menu,streamed,,,,,,,,,,,,,,
theme_dbpad_19,,apb/theme/dbpad_19.mp3,0.25,,,,,,,menu,streamed,,,,,,,,,,,,,,

theme_dbsfx_0,,apb/theme/dbsfx_0.mp3,0.35,,,,,,,menu,streamed,,,,,,,,,,,,,,
theme_dbsfx_1,,apb/theme/dbsfx_1.mp3,0.35,,,,,,,menu,streamed,,,,,,,,,,,,,,
theme_dbsfx_2,,apb/theme/dbsfx_2.mp3,0.35,,,,,,,menu,streamed,,,,,,,,,,,,,,
theme_dbsfx_3,,apb/theme/dbsfx_3.mp3,0.35,,,,,,,menu,streamed,,,,,,,,,,,,,,
theme_dbsfx_4,,apb/theme/dbsfx_4.mp3,0.35,,,,,,,menu,streamed,,,,,,,,,,,,,,
theme_dbsfx_5,,apb/theme/dbsfx_5.mp3,0.35,,,,,,,menu,streamed,,,,,,,,,,,,,,
theme_dbsfx_6,,apb/theme/dbsfx_6.mp3,0.35,,,,,,,menu,streamed,,,,,,,,,,,,,,
theme_dbsfx_7,,apb/theme/dbsfx_7.mp3,0.35,,,,,,,menu,streamed,,,,,,,,,,,,,,
theme_dbsfx_8,,apb/theme/dbsfx_8.mp3,0.35,,,,,,,menu,streamed,,,,,,,,,,,,,,
theme_dbsfx_9,,apb/theme/dbsfx_9.mp3,0.35,,,,,,,menu,streamed,,,,,,,,,,,,,,

theme_eguitar_0,,apb/theme/eguitar_0.mp3,1,,,,,,,menu,streamed,,,,,,,,,,,,,,
theme_eguitar_1,,apb/theme/eguitar_1.mp3,1,,,,,,,menu,streamed,,,,,,,,,,,,,,
theme_eguitar_2,,apb/theme/eguitar_2.mp3,1,,,,,,,menu,streamed,,,,,,,,,,,,,,
theme_eguitar_3,,apb/theme/eguitar_3.mp3,1,,,,,,,menu,streamed,,,,,,,,,,,,,,
theme_eguitar_4,,apb/theme/eguitar_4.mp3,1,,,,,,,menu,streamed,,,,,,,,,,,,,,
theme_eguitar_5,,apb/theme/eguitar_5.mp3,1,,,,,,,menu,streamed,,,,,,,,,,,,,,
theme_eguitar_6,,apb/theme/eguitar_6.mp3,1,,,,,,,menu,streamed,,,,,,,,,,,,,,
theme_eguitar_7,,apb/theme/eguitar_7.mp3,1,,,,,,,menu,streamed,,,,,,,,,,,,,,
theme_eguitar_8,,apb/theme/eguitar_8.mp3,1,,,,,,,menu,streamed,,,,,,,,,,,,,,

theme_epiano_0,,apb/theme/epiano_0.mp3,1,,,,,,,menu,streamed,,,,,,,,,,,,,,
theme_epiano_1,,apb/theme/epiano_1.mp3,1,,,,,,,menu,streamed,,,,,,,,,,,,,,
theme_epiano_2,,apb/theme/epiano_2.mp3,1,,,,,,,menu,streamed,,,,,,,,,,,,,,
theme_epiano_3,,apb/theme/epiano_3.mp3,1,,,,,,,menu,streamed,,,,,,,,,,,,,,
theme_epiano_4,,apb/theme/epiano_4.mp3,1,,,,,,,menu,streamed,,,,,,,,,,,,,,
theme_epiano_5,,apb/theme/epiano_5.mp3,1,,,,,,,menu,streamed,,,,,,,,,,,,,,
theme_epiano_6,,apb/theme/epiano_6.mp3,1,,,,,,,menu,streamed,,,,,,,,,,,,,,
theme_epiano_7,,apb/theme/epiano_7.mp3,1,,,,,,,menu,streamed,,,,,,,,,,,,,,
theme_epiano_8,,apb/theme/epiano_8.mp3,1,,,,,,,menu,streamed,,,,,,,,,,,,,,
theme_epiano_9,,apb/theme/epiano_9.mp3,1,,,,,,,menu,streamed,,,,,,,,,,,,,,
theme_epiano_10,,apb/theme/epiano_10.mp3,1,,,,,,,menu,streamed,,,,,,,,,,,,,,
theme_epiano_11,,apb/theme/epiano_11.mp3,1,,,,,,,menu,streamed,,,,,,,,,,,,,,
theme_epiano_12,,apb/theme/epiano_12.mp3,1,,,,,,,menu,streamed,,,,,,,,,,,,,,
theme_epiano_13,,apb/theme/epiano_13.mp3,1,,,,,,,menu,streamed,,,,,,,,,,,,,,
theme_epiano_14,,apb/theme/epiano_14.mp3,1,,,,,,,menu,streamed,,,,,,,,,,,,,,
theme_epiano_15,,apb/theme/epiano_15.mp3,1,,,,,,,menu,streamed,,,,,,,,,,,,,,
theme_epiano_16,,apb/theme/epiano_16.mp3,1,,,,,,,menu,streamed,,,,,,,,,,,,,,
theme_epiano_17,,apb/theme/epiano_17.mp3,1,,,,,,,menu,streamed,,,,,,,,,,,,,,
theme_epiano_18,,apb/theme/epiano_18.mp3,1,,,,,,,menu,streamed,,,,,,,,,,,,,,
theme_epiano_19,,apb/theme/epiano_19.mp3,1,,,,,,,menu,streamed,,,,,,,,,,,,,,
theme_epiano_20,,apb/theme/epiano_20.mp3,1,,,,,,,menu,streamed,,,,,,,,,,,,,,
theme_epiano_21,,apb/theme/epiano_21.mp3,1,,,,,,,menu,streamed,,,,,,,,,,,,,,

theme_ekit_0,,apb/theme/ekit_0.mp3,1,,,,,,,menu,streamed,,,,,,,,,,,,,,
theme_ekit_1,,apb/theme/ekit_1.mp3,1,,,,,,,menu,streamed,,,,,,,,,,,,,,
theme_ekit_2,,apb/theme/ekit_2.mp3,1,,,,,,,menu,streamed,,,,,,,,,,,,,,
theme_ekit_3,,apb/theme/ekit_3.mp3,1,,,,,,,menu,streamed,,,,,,,,,,,,,,
theme_ekit_4,,apb/theme/ekit_4.mp3,1,,,,,,,menu,streamed,,,,,,,,,,,,,,
theme_ekit_5,,apb/theme/ekit_5.mp3,1,,,,,,,menu,streamed,,,,,,,,,,,,,,
theme_ekit_6,,apb/theme/ekit_6.mp3,1,,,,,,,menu,streamed,,,,,,,,,,,,,,
theme_ekit_7,,apb/theme/ekit_7.mp3,1,,,,,,,menu,streamed,,,,,,,,,,,,,,
theme_ekit_8,,apb/theme/ekit_8.mp3,1,,,,,,,menu,streamed,,,,,,,,,,,,,,
theme_ekit_9,,apb/theme/ekit_9.mp3,1,,,,,,,menu,streamed,,,,,,,,,,,,,,
theme_ekit_10,,apb/theme/ekit_10.mp3,1,,,,,,,menu,streamed,,,,,,,,,,,,,,
theme_ekit_11,,apb/theme/ekit_11.mp3,1,,,,,,,menu,streamed,,,,,,,,,,,,,,
theme_ekit_12,,apb/theme/ekit_12.mp3,1,,,,,,,menu,streamed,,,,,,,,,,,,,,
theme_ekit_13,,apb/theme/ekit_13.mp3,1,,,,,,,menu,streamed,,,,,,,,,,,,,,
theme_ekit_14,,apb/theme/ekit_14.mp3,1,,,,,,,menu,streamed,,,,,,,,,,,,,,
theme_ekit_15,,apb/theme/ekit_15.mp3,1,,,,,,,menu,streamed,,,,,,,,,,,,,,
theme_ekit_16,,apb/theme/ekit_16.mp3,1,,,,,,,menu,streamed,,,,,,,,,,,,,,
theme_ekit_17,,apb/theme/ekit_17.mp3,1,,,,,,,menu,streamed,,,,,,,,,,,,,,
theme_ekit_18,,apb/theme/ekit_18.mp3,1,,,,,,,menu,streamed,,,,,,,,,,,,,,
theme_ekit_19,,apb/theme/ekit_19.mp3,1,,,,,,,menu,streamed,,,,,,,,,,,,,,
theme_ekit_20,,apb/theme/ekit_20.mp3,1,,,,,,,menu,streamed,,,,,,,,,,,,,,
theme_ekit_21,,apb/theme/ekit_21.mp3,1,,,,,,,menu,streamed,,,,,,,,,,,,,,
theme_ekit_22,,apb/theme/ekit_22.mp3,1,,,,,,,menu,streamed,,,,,,,,,,,,,,

theme_rock_0,,apb/theme/rock_0.mp3,0.5,,,,,,,menu,streamed,,,,,,,,,,,,,,
theme_rock_1,,apb/theme/rock_1.mp3,0.5,,,,,,,menu,streamed,,,,,,,,,,,,,,
theme_rock_2,,apb/theme/rock_2.mp3,0.5,,,,,,,menu,streamed,,,,,,,,,,,,,,
theme_rock_3,,apb/theme/rock_3.mp3,0.5,,,,,,,menu,streamed,,,,,,,,,,,,,,
theme_rock_4,,apb/theme/rock_4.mp3,0.5,,,,,,,menu,streamed,,,,,,,,,,,,,,
theme_rock_5,,apb/theme/rock_5.mp3,0.5,,,,,,,menu,streamed,,,,,,,,,,,,,,
theme_rock_6,,apb/theme/rock_6.mp3,0.5,,,,,,,menu,streamed,,,,,,,,,,,,,,
theme_rock_7,,apb/theme/rock_7.mp3,0.5,,,,,,,menu,streamed,,,,,,,,,,,,,,
theme_rock_8,,apb/theme/rock_8.mp3,0.5,,,,,,,menu,streamed,,,,,,,,,,,,,,
theme_rock_9,,apb/theme/rock_9.mp3,0.5,,,,,,,menu,streamed,,,,,,,,,,,,,,
theme_rock_10,,apb/theme/rock_10.mp3,0.5,,,,,,,menu,streamed,,,,,,,,,,,,,,
theme_rock_11,,apb/theme/rock_11.mp3,0.5,,,,,,,menu,streamed,,,,,,,,,,,,,,
theme_rock_12,,apb/theme/rock_12.mp3,0.5,,,,,,,menu,streamed,,,,,,,,,,,,,,
theme_rock_13,,apb/theme/rock_13.mp3,0.5,,,,,,,menu,streamed,,,,,,,,,,,,,,
theme_rock_14,,apb/theme/rock_14.mp3,0.5,,,,,,,menu,streamed,,,,,,,,,,,,,,
theme_rock_15,,apb/theme/rock_15.mp3,0.5,,,,,,,menu,streamed,,,,,,,,,,,,,,
theme_rock_16,,apb/theme/rock_16.mp3,0.5,,,,,,,menu,streamed,,,,,,,,,,,,,,
theme_rock_17,,apb/theme/rock_17.mp3,0.5,,,,,,,menu,streamed,,,,,,,,,,,,,,

theme_rocksolo_0,,apb/theme/rocksolo_0.mp3,0.5,,,,,,,menu,streamed,,,,,,,,,,,,,,
theme_rocksolo_1,,apb/theme/rocksolo_1.mp3,0.5,,,,,,,menu,streamed,,,,,,,,,,,,,,
theme_rocksolo_2,,apb/theme/rocksolo_2.mp3,0.5,,,,,,,menu,streamed,,,,,,,,,,,,,,
theme_rocksolo_3,,apb/theme/rocksolo_3.mp3,0.5,,,,,,,menu,streamed,,,,,,,,,,,,,,
theme_rocksolo_4,,apb/theme/rocksolo_4.mp3,0.5,,,,,,,menu,streamed,,,,,,,,,,,,,,
theme_rocksolo_5,,apb/theme/rocksolo_5.mp3,0.5,,,,,,,menu,streamed,,,,,,,,,,,,,,
theme_rocksolo_6,,apb/theme/rocksolo_6.mp3,0.5,,,,,,,menu,streamed,,,,,,,,,,,,,,
theme_rocksolo_7,,apb/theme/rocksolo_7.mp3,0.5,,,,,,,menu,streamed,,,,,,,,,,,,,,
theme_rocksolo_8,,apb/theme/rocksolo_8.mp3,0.5,,,,,,,menu,streamed,,,,,,,,,,,,,,
theme_rocksolo_9,,apb/theme/rocksolo_9.mp3,0.5,,,,,,,menu,streamed,,,,,,,,,,,,,,
theme_rocksolo_10,,apb/theme/rocksolo_10.mp3,0.5,,,,,,,menu,streamed,,,,,,,,,,,,,,
theme_rocksolo_11,,apb/theme/rocksolo_11.mp3,0.5,,,,,,,menu,streamed,,,,,,,,,,,,,,
theme_rocksolo_12,,apb/theme/rocksolo_12.mp3,0.5,,,,,,,menu,streamed,,,,,,,,,,,,,,
theme_rocksolo_13,,apb/theme/rocksolo_13.mp3,0.5,,,,,,,menu,streamed,,,,,,,,,,,,,,
theme_rocksolo_14,,apb/theme/rocksolo_14.mp3,0.5,,,,,,,menu,streamed,,,,,,,,,,,,,,
theme_rocksolo_15,,apb/theme/rocksolo_15.mp3,0.5,,,,,,,menu,streamed,,,,,,,,,,,,,,
theme_rocksolo_16,,apb/theme/rocksolo_16.mp3,0.5,,,,,,,menu,streamed,,,,,,,,,,,,,,
theme_rocksolo_17,,apb/theme/rocksolo_17.mp3,0.5,,,,,,,menu,streamed,,,,,,,,,,,,,,
theme_rocksolo_18,,apb/theme/rocksolo_18.mp3,0.5,,,,,,,menu,streamed,,,,,,,,,,,,,,
theme_rocksolo_19,,apb/theme/rocksolo_19.mp3,0.5,,,,,,,menu,streamed,,,,,,,,,,,,,,
theme_rocksolo_20,,apb/theme/rocksolo_20.mp3,0.5,,,,,,,menu,streamed,,,,,,,,,,,,,,
theme_rocksolo_21,,apb/theme/rocksolo_21.mp3,0.5,,,,,,,menu,streamed,,,,,,,,,,,,,,
theme_rocksolo_22,,apb/theme/rocksolo_22.mp3,0.5,,,,,,,menu,streamed,,,,,,,,,,,,,,
theme_rocksolo_23,,apb/theme/rocksolo_23.mp3,0.5,,,,,,,menu,streamed,,,,,,,,,,,,,,
theme_rocksolo_24,,apb/theme/rocksolo_24.mp3,0.5,,,,,,,menu,streamed,,,,,,,,,,,,,,
theme_rocksolo_25,,apb/theme/rocksolo_25.mp3,0.5,,,,,,,menu,streamed,,,,,,,,,,,,,,
theme_rocksolo_26,,apb/theme/rocksolo_26.mp3,0.5,,,,,,,menu,streamed,,,,,,,,,,,,,,
theme_rocksolo_27,,apb/theme/rocksolo_27.mp3,0.5,,,,,,,menu,streamed,,,,,,,,,,,,,,
theme_rocksolo_28,,apb/theme/rocksolo_28.mp3,0.5,,,,,,,menu,streamed,,,,,,,,,,,,,,
theme_rocksolo_29,,apb/theme/rocksolo_29.mp3,0.5,,,,,,,menu,streamed,,,,,,,,,,,,,,
theme_rocksolo_30,,apb/theme/rocksolo_30.mp3,0.5,,,,,,,menu,streamed,,,,,,,,,,,,,,
theme_rocksolo_31,,apb/theme/rocksolo_31.mp3,0.5,,,,,,,menu,streamed,,,,,,,,,,,,,,
theme_rocksolo_32,,apb/theme/rocksolo_32.mp3,0.5,,,,,,,menu,streamed,,,,,,,,,,,,,,

theme_hh1_0,,apb/theme/hh1_0.mp3,0.75,,,,,,,menu,streamed,,,,,,,,,,,,,,
theme_hh1_1,,apb/theme/hh1_1.mp3,0.75,,,,,,,menu,streamed,,,,,,,,,,,,,,
theme_hh1_2,,apb/theme/hh1_2.mp3,0.75,,,,,,,menu,streamed,,,,,,,,,,,,,,
theme_hh1_3,,apb/theme/hh1_3.mp3,0.75,,,,,,,menu,streamed,,,,,,,,,,,,,,
theme_hh1_4,,apb/theme/hh1_4.mp3,0.75,,,,,,,menu,streamed,,,,,,,,,,,,,,
theme_hh1_5,,apb/theme/hh1_5.mp3,0.75,,,,,,,menu,streamed,,,,,,,,,,,,,,
theme_hh1_6,,apb/theme/hh1_6.mp3,0.75,,,,,,,menu,streamed,,,,,,,,,,,,,,
theme_hh1_7,,apb/theme/hh1_7.mp3,0.75,,,,,,,menu,streamed,,,,,,,,,,,,,,
theme_hh1_8,,apb/theme/hh1_8.mp3,0.75,,,,,,,menu,streamed,,,,,,,,,,,,,,
theme_hh1_9,,apb/theme/hh1_9.mp3,0.75,,,,,,,menu,streamed,,,,,,,,,,,,,,

theme_hh2_0,,apb/theme/hh2_0.mp3,0.75,,,,,,,menu,streamed,,,,,,,,,,,,,,
theme_hh2_1,,apb/theme/hh2_1.mp3,0.75,,,,,,,menu,streamed,,,,,,,,,,,,,,
theme_hh2_2,,apb/theme/hh2_2.mp3,0.75,,,,,,,menu,streamed,,,,,,,,,,,,,,
theme_hh2_3,,apb/theme/hh2_3.mp3,0.75,,,,,,,menu,streamed,,,,,,,,,,,,,,
theme_hh2_4,,apb/theme/hh2_4.mp3,0.75,,,,,,,menu,streamed,,,,,,,,,,,,,,
theme_hh2_5,,apb/theme/hh2_5.mp3,0.75,,,,,,,menu,streamed,,,,,,,,,,,,,,
theme_hh2_6,,apb/theme/hh2_6.mp3,0.75,,,,,,,menu,streamed,,,,,,,,,,,,,,
theme_hh2_7,,apb/theme/hh2_7.mp3,0.75,,,,,,,menu,streamed,,,,,,,,,,,,,,
theme_hh2_8,,apb/theme/hh2_8.mp3,0.75,,,,,,,menu,streamed,,,,,,,,,,,,,,

theme_hh3_0,,apb/theme/hh3_0.mp3,0.75,,,,,,,menu,streamed,,,,,,,,,,,,,,
theme_hh3_1,,apb/theme/hh3_1.mp3,0.75,,,,,,,menu,streamed,,,,,,,,,,,,,,
theme_hh3_2,,apb/theme/hh3_2.mp3,0.75,,,,,,,menu,streamed,,,,,,,,,,,,,,
theme_hh3_3,,apb/theme/hh3_3.mp3,0.75,,,,,,,menu,streamed,,,,,,,,,,,,,,
theme_hh3_4,,apb/theme/hh3_4.mp3,0.75,,,,,,,menu,streamed,,,,,,,,,,,,,,
theme_hh3_5,,apb/theme/hh3_5.mp3,0.75,,,,,,,menu,streamed,,,,,,,,,,,,,,
theme_hh3_6,,apb/theme/hh3_6.mp3,0.75,,,,,,,menu,streamed,,,,,,,,,,,,,,
theme_hh3_7,,apb/theme/hh3_7.mp3,0.75,,,,,,,menu,streamed,,,,,,,,,,,,,,
theme_hh3_8,,apb/theme/hh3_8.mp3,0.75,,,,,,,menu,streamed,,,,,,,,,,,,,,
theme_hh3_9,,apb/theme/hh3_9.mp3,0.75,,,,,,,menu,streamed,,,,,,,,,,,,,,

theme_hh4_0,,apb/theme/hh4_0.mp3,0.75,,,,,,,menu,streamed,,,,,,,,,,,,,,
theme_hh4_1,,apb/theme/hh4_1.mp3,0.75,,,,,,,menu,streamed,,,,,,,,,,,,,,
theme_hh4_2,,apb/theme/hh4_2.mp3,0.75,,,,,,,menu,streamed,,,,,,,,,,,,,,
theme_hh4_3,,apb/theme/hh4_3.mp3,0.75,,,,,,,menu,streamed,,,,,,,,,,,,,,
theme_hh4_4,,apb/theme/hh4_4.mp3,0.75,,,,,,,menu,streamed,,,,,,,,,,,,,,
theme_hh4_5,,apb/theme/hh4_5.mp3,0.75,,,,,,,menu,streamed,,,,,,,,,,,,,,
theme_hh4_6,,apb/theme/hh4_6.mp3,0.75,,,,,,,menu,streamed,,,,,,,,,,,,,,
theme_hh4_7,,apb/theme/hh4_7.mp3,0.75,,,,,,,menu,streamed,,,,,,,,,,,,,,
theme_hh4_8,,apb/theme/hh4_8.mp3,0.75,,,,,,,menu,streamed,,,,,,,,,,,,,,
theme_hh4_9,,apb/theme/hh4_9.mp3,0.75,,,,,,,menu,streamed,,,,,,,,,,,,,,

theme_hh5_0,,apb/theme/hh5_0.mp3,0.75,,,,,,,menu,streamed,,,,,,,,,,,,,,
theme_hh5_1,,apb/theme/hh5_1.mp3,0.75,,,,,,,menu,streamed,,,,,,,,,,,,,,
theme_hh5_2,,apb/theme/hh5_2.mp3,0.75,,,,,,,menu,streamed,,,,,,,,,,,,,,
theme_hh5_3,,apb/theme/hh5_3.mp3,0.75,,,,,,,menu,streamed,,,,,,,,,,,,,,
theme_hh5_4,,apb/theme/hh5_4.mp3,0.75,,,,,,,menu,streamed,,,,,,,,,,,,,,
theme_hh5_5,,apb/theme/hh5_5.mp3,0.75,,,,,,,menu,streamed,,,,,,,,,,,,,,
theme_hh5_6,,apb/theme/hh5_6.mp3,0.75,,,,,,,menu,streamed,,,,,,,,,,,,,,
theme_hh5_7,,apb/theme/hh5_7.mp3,0.75,,,,,,,menu,streamed,,,,,,,,,,,,,,
theme_hh5_8,,apb/theme/hh5_8.mp3,0.75,,,,,,,menu,streamed,,,,,,,,,,,,,,
theme_hh5_9,,apb/theme/hh5_9.mp3,0.75,,,,,,,menu,streamed,,,,,,,,,,,,,,

theme_hh6_0,,apb/theme/hh6_0.mp3,0.75,,,,,,,menu,streamed,,,,,,,,,,,,,,
theme_hh6_1,,apb/theme/hh6_1.mp3,0.75,,,,,,,menu,streamed,,,,,,,,,,,,,,
theme_hh6_2,,apb/theme/hh6_2.mp3,0.75,,,,,,,menu,streamed,,,,,,,,,,,,,,
theme_hh6_3,,apb/theme/hh6_3.mp3,0.75,,,,,,,menu,streamed,,,,,,,,,,,,,,
theme_hh6_4,,apb/theme/hh6_4.mp3,0.75,,,,,,,menu,streamed,,,,,,,,,,,,,,
theme_hh6_5,,apb/theme/hh6_5.mp3,0.75,,,,,,,menu,streamed,,,,,,,,,,,,,,
theme_hh6_6,,apb/theme/hh6_6.mp3,0.75,,,,,,,menu,streamed,,,,,,,,,,,,,,
theme_hh6_7,,apb/theme/hh6_7.mp3,0.75,,,,,,,menu,streamed,,,,,,,,,,,,,,
theme_hh6_8,,apb/theme/hh6_8.mp3,0.75,,,,,,,menu,streamed,,,,,,,,,,,,,,
theme_hh6_9,,apb/theme/hh6_9.mp3,0.75,,,,,,,menu,streamed,,,,,,,,,,,,,,

theme_hh7_0,,apb/theme/hh7_0.mp3,0.75,,,,,,,menu,streamed,,,,,,,,,,,,,,
theme_hh7_1,,apb/theme/hh7_1.mp3,0.75,,,,,,,menu,streamed,,,,,,,,,,,,,,
theme_hh7_2,,apb/theme/hh7_2.mp3,0.75,,,,,,,menu,streamed,,,,,,,,,,,,,,
theme_hh7_3,,apb/theme/hh7_3.mp3,0.75,,,,,,,menu,streamed,,,,,,,,,,,,,,
theme_hh7_4,,apb/theme/hh7_4.mp3,0.75,,,,,,,menu,streamed,,,,,,,,,,,,,,
theme_hh7_5,,apb/theme/hh7_5.mp3,0.75,,,,,,,menu,streamed,,,,,,,,,,,,,,
theme_hh7_6,,apb/theme/hh7_6.mp3,0.75,,,,,,,menu,streamed,,,,,,,,,,,,,,
theme_hh7_7,,apb/theme/hh7_7.mp3,0.75,,,,,,,menu,streamed,,,,,,,,,,,,,,
theme_hh7_8,,apb/theme/hh7_8.mp3,0.75,,,,,,,menu,streamed,,,,,,,,,,,,,,
theme_hh7_9,,apb/theme/hh7_9.mp3,0.75,,,,,,,menu,streamed,,,,,,,,,,,,,,

theme_lbbass_0,,apb/theme/lbbass_0.mp3,1,,,,,,,menu,streamed,,,,,,,,,,,,,,
theme_lbbass_1,,apb/theme/lbbass_1.mp3,1,,,,,,,menu,streamed,,,,,,,,,,,,,,
theme_lbbass_2,,apb/theme/lbbass_2.mp3,1,,,,,,,menu,streamed,,,,,,,,,,,,,,
theme_lbbass_3,,apb/theme/lbbass_3.mp3,1,,,,,,,menu,streamed,,,,,,,,,,,,,,
theme_lbbass_4,,apb/theme/lbbass_4.mp3,1,,,,,,,menu,streamed,,,,,,,,,,,,,,
theme_lbbass_5,,apb/theme/lbbass_5.mp3,1,,,,,,,menu,streamed,,,,,,,,,,,,,,
theme_lbbass_6,,apb/theme/lbbass_6.mp3,1,,,,,,,menu,streamed,,,,,,,,,,,,,,
theme_lbbass_7,,apb/theme/lbbass_7.mp3,1,,,,,,,menu,streamed,,,,,,,,,,,,,,
theme_lbbass_8,,apb/theme/lbbass_8.mp3,1,,,,,,,menu,streamed,,,,,,,,,,,,,,
theme_lbbass_9,,apb/theme/lbbass_9.mp3,1,,,,,,,menu,streamed,,,,,,,,,,,,,,

theme_lbclav_0,,apb/theme/lbclav_0.mp3,1,,,,,,,menu,streamed,,,,,,,,,,,,,,
theme_lbclav_1,,apb/theme/lbclav_1.mp3,1,,,,,,,menu,streamed,,,,,,,,,,,,,,
theme_lbclav_2,,apb/theme/lbclav_2.mp3,1,,,,,,,menu,streamed,,,,,,,,,,,,,,
theme_lbclav_3,,apb/theme/lbclav_3.mp3,1,,,,,,,menu,streamed,,,,,,,,,,,,,,

theme_lbdrum_0,,apb/theme/lbdrum_0.mp3,1,,,,,,,menu,streamed,,,,,,,,,,,,,,
theme_lbdrum_1,,apb/theme/lbdrum_1.mp3,1,,,,,,,menu,streamed,,,,,,,,,,,,,,
theme_lbdrum_2,,apb/theme/lbdrum_2.mp3,1,,,,,,,menu,streamed,,,,,,,,,,,,,,
theme_lbdrum_3,,apb/theme/lbdrum_3.mp3,1,,,,,,,menu,streamed,,,,,,,,,,,,,,
theme_lbdrum_4,,apb/theme/lbdrum_4.mp3,1,,,,,,,menu,streamed,,,,,,,,,,,,,,
theme_lbdrum_5,,apb/theme/lbdrum_5.mp3,1,,,,,,,menu,streamed,,,,,,,,,,,,,,
theme_lbdrum_6,,apb/theme/lbdrum_6.mp3,1,,,,,,,menu,streamed,,,,,,,,,,,,,,
theme_lbdrum_7,,apb/theme/lbdrum_7.mp3,1,,,,,,,menu,streamed,,,,,,,,,,,,,,
theme_lbdrum_8,,apb/theme/lbdrum_8.mp3,1,,,,,,,menu,streamed,,,,,,,,,,,,,,
theme_lbdrum_9,,apb/theme/lbdrum_9.mp3,1,,,,,,,menu,streamed,,,,,,,,,,,,,,
theme_lbdrum_10,,apb/theme/lbdrum_10.mp3,1,,,,,,,menu,streamed,,,,,,,,,,,,,,
theme_lbdrum_11,,apb/theme/lbdrum_11.mp3,1,,,,,,,menu,streamed,,,,,,,,,,,,,,
theme_lbdrum_12,,apb/theme/lbdrum_12.mp3,1,,,,,,,menu,streamed,,,,,,,,,,,,,,
theme_lbdrum_13,,apb/theme/lbdrum_13.mp3,1,,,,,,,menu,streamed,,,,,,,,,,,,,,

theme_lbguitar1_0,,apb/theme/lbguitar1_0.mp3,1,,,,,,,menu,streamed,,,,,,,,,,,,,,
theme_lbguitar1_1,,apb/theme/lbguitar1_1.mp3,1,,,,,,,menu,streamed,,,,,,,,,,,,,,
theme_lbguitar1_2,,apb/theme/lbguitar1_2.mp3,1,,,,,,,menu,streamed,,,,,,,,,,,,,,
theme_lbguitar1_3,,apb/theme/lbguitar1_3.mp3,1,,,,,,,menu,streamed,,,,,,,,,,,,,,
theme_lbguitar1_4,,apb/theme/lbguitar1_4.mp3,1,,,,,,,menu,streamed,,,,,,,,,,,,,,
theme_lbguitar1_5,,apb/theme/lbguitar1_5.mp3,1,,,,,,,menu,streamed,,,,,,,,,,,,,,
theme_lbguitar1_6,,apb/theme/lbguitar1_6.mp3,1,,,,,,,menu,streamed,,,,,,,,,,,,,,
theme_lbguitar1_7,,apb/theme/lbguitar1_7.mp3,1,,,,,,,menu,streamed,,,,,,,,,,,,,,
theme_lbguitar1_8,,apb/theme/lbguitar1_8.mp3,1,,,,,,,menu,streamed,,,,,,,,,,,,,,
theme_lbguitar1_9,,apb/theme/lbguitar1_9.mp3,1,,,,,,,menu,streamed,,,,,,,,,,,,,,
theme_lbguitar1_10,,apb/theme/lbguitar1_10.mp3,1,,,,,,,menu,streamed,,,,,,,,,,,,,,
theme_lbguitar1_11,,apb/theme/lbguitar1_11.mp3,1,,,,,,,menu,streamed,,,,,,,,,,,,,,
theme_lbguitar1_12,,apb/theme/lbguitar1_12.mp3,1,,,,,,,menu,streamed,,,,,,,,,,,,,,
theme_lbguitar1_13,,apb/theme/lbguitar1_13.mp3,1,,,,,,,menu,streamed,,,,,,,,,,,,,,
theme_lbguitar1_14,,apb/theme/lbguitar1_14.mp3,1,,,,,,,menu,streamed,,,,,,,,,,,,,,
theme_lbguitar1_15,,apb/theme/lbguitar1_15.mp3,1,,,,,,,menu,streamed,,,,,,,,,,,,,,
theme_lbguitar1_16,,apb/theme/lbguitar1_16.mp3,1,,,,,,,menu,streamed,,,,,,,,,,,,,,
theme_lbguitar1_17,,apb/theme/lbguitar1_17.mp3,1,,,,,,,menu,streamed,,,,,,,,,,,,,,
theme_lbguitar1_18,,apb/theme/lbguitar1_18.mp3,1,,,,,,,menu,streamed,,,,,,,,,,,,,,
theme_lbguitar1_19,,apb/theme/lbguitar1_19.mp3,1,,,,,,,menu,streamed,,,,,,,,,,,,,,
theme_lbguitar1_20,,apb/theme/lbguitar1_20.mp3,1,,,,,,,menu,streamed,,,,,,,,,,,,,,
theme_lbguitar1_21,,apb/theme/lbguitar1_21.mp3,1,,,,,,,menu,streamed,,,,,,,,,,,,,,
theme_lbguitar1_22,,apb/theme/lbguitar1_22.mp3,1,,,,,,,menu,streamed,,,,,,,,,,,,,,
theme_lbguitar1_23,,apb/theme/lbguitar1_23.mp3,1,,,,,,,menu,streamed,,,,,,,,,,,,,,
theme_lbguitar1_24,,apb/theme/lbguitar1_24.mp3,1,,,,,,,menu,streamed,,,,,,,,,,,,,,
theme_lbguitar1_25,,apb/theme/lbguitar1_25.mp3,1,,,,,,,menu,streamed,,,,,,,,,,,,,,
theme_lbguitar1_26,,apb/theme/lbguitar1_26.mp3,1,,,,,,,menu,streamed,,,,,,,,,,,,,,
theme_lbguitar1_27,,apb/theme/lbguitar1_27.mp3,1,,,,,,,menu,streamed,,,,,,,,,,,,,,
theme_lbguitar1_28,,apb/theme/lbguitar1_28.mp3,1,,,,,,,menu,streamed,,,,,,,,,,,,,,
theme_lbguitar1_29,,apb/theme/lbguitar1_29.mp3,1,,,,,,,menu,streamed,,,,,,,,,,,,,,
theme_lbguitar1_30,,apb/theme/lbguitar1_30.mp3,1,,,,,,,menu,streamed,,,,,,,,,,,,,,
theme_lbguitar1_31,,apb/theme/lbguitar1_31.mp3,1,,,,,,,menu,streamed,,,,,,,,,,,,,,
theme_lbguitar1_32,,apb/theme/lbguitar1_32.mp3,1,,,,,,,menu,streamed,,,,,,,,,,,,,,

theme_lbguitar2_0,,apb/theme/lbguitar2_0.mp3,1,,,,,,,menu,streamed,,,,,,,,,,,,,,
theme_lbguitar2_1,,apb/theme/lbguitar2_1.mp3,1,,,,,,,menu,streamed,,,,,,,,,,,,,,
theme_lbguitar2_2,,apb/theme/lbguitar2_2.mp3,1,,,,,,,menu,streamed,,,,,,,,,,,,,,
theme_lbguitar2_3,,apb/theme/lbguitar2_3.mp3,1,,,,,,,menu,streamed,,,,,,,,,,,,,,
theme_lbguitar2_4,,apb/theme/lbguitar2_4.mp3,1,,,,,,,menu,streamed,,,,,,,,,,,,,,
theme_lbguitar2_5,,apb/theme/lbguitar2_5.mp3,1,,,,,,,menu,streamed,,,,,,,,,,,,,,
theme_lbguitar2_6,,apb/theme/lbguitar2_6.mp3,1,,,,,,,menu,streamed,,,,,,,,,,,,,,
theme_lbguitar2_7,,apb/theme/lbguitar2_7.mp3,1,,,,,,,menu,streamed,,,,,,,,,,,,,,
theme_lbguitar2_8,,apb/theme/lbguitar2_8.mp3,1,,,,,,,menu,streamed,,,,,,,,,,,,,,
theme_lbguitar2_9,,apb/theme/lbguitar2_9.mp3,1,,,,,,,menu,streamed,,,,,,,,,,,,,,
theme_lbguitar2_10,,apb/theme/lbguitar2_10.mp3,1,,,,,,,menu,streamed,,,,,,,,,,,,,,
theme_lbguitar2_11,,apb/theme/lbguitar2_11.mp3,1,,,,,,,menu,streamed,,,,,,,,,,,,,,
theme_lbguitar2_12,,apb/theme/lbguitar2_12.mp3,1,,,,,,,menu,streamed,,,,,,,,,,,,,,
theme_lbguitar2_13,,apb/theme/lbguitar2_13.mp3,1,,,,,,,menu,streamed,,,,,,,,,,,,,,
theme_lbguitar2_14,,apb/theme/lbguitar2_14.mp3,1,,,,,,,menu,streamed,,,,,,,,,,,,,,
theme_lbguitar2_15,,apb/theme/lbguitar2_15.mp3,1,,,,,,,menu,streamed,,,,,,,,,,,,,,
theme_lbguitar2_16,,apb/theme/lbguitar2_16.mp3,1,,,,,,,menu,streamed,,,,,,,,,,,,,,
theme_lbguitar2_17,,apb/theme/lbguitar2_17.mp3,1,,,,,,,menu,streamed,,,,,,,,,,,,,,
theme_lbguitar2_18,,apb/theme/lbguitar2_18.mp3,1,,,,,,,menu,streamed,,,,,,,,,,,,,,
theme_lbguitar2_19,,apb/theme/lbguitar2_19.mp3,1,,,,,,,menu,streamed,,,,,,,,,,,,,,
theme_lbguitar2_20,,apb/theme/lbguitar2_20.mp3,1,,,,,,,menu,streamed,,,,,,,,,,,,,,
theme_lbguitar2_21,,apb/theme/lbguitar2_21.mp3,1,,,,,,,menu,streamed,,,,,,,,,,,,,,
theme_lbguitar2_22,,apb/theme/lbguitar2_22.mp3,1,,,,,,,menu,streamed,,,,,,,,,,,,,,
theme_lbguitar2_23,,apb/theme/lbguitar2_23.mp3,1,,,,,,,menu,streamed,,,,,,,,,,,,,,
theme_lbguitar2_24,,apb/theme/lbguitar2_24.mp3,1,,,,,,,menu,streamed,,,,,,,,,,,,,,
theme_lbguitar2_25,,apb/theme/lbguitar2_25.mp3,1,,,,,,,menu,streamed,,,,,,,,,,,,,,
theme_lbguitar2_26,,apb/theme/lbguitar2_26.mp3,1,,,,,,,menu,streamed,,,,,,,,,,,,,,
theme_lbguitar2_27,,apb/theme/lbguitar2_27.mp3,1,,,,,,,menu,streamed,,,,,,,,,,,,,,
theme_lbguitar2_28,,apb/theme/lbguitar2_28.mp3,1,,,,,,,menu,streamed,,,,,,,,,,,,,,
theme_lbguitar2_29,,apb/theme/lbguitar2_29.mp3,1,,,,,,,menu,streamed,,,,,,,,,,,,,,
theme_lbguitar2_30,,apb/theme/lbguitar2_30.mp3,1,,,,,,,menu,streamed,,,,,,,,,,,,,,

theme_lbvox_0,,apb/theme/lbvox_0.mp3,0.5,,,,,,,menu,streamed,,,,,,,,,,,,,,
theme_lbvox_1,,apb/theme/lbvox_1.mp3,0.5,,,,,,,menu,streamed,,,,,,,,,,,,,,
theme_lbvox_2,,apb/theme/lbvox_2.mp3,0.5,,,,,,,menu,streamed,,,,,,,,,,,,,,
theme_lbvox_3,,apb/theme/lbvox_3.mp3,0.5,,,,,,,menu,streamed,,,,,,,,,,,,,,
theme_lbvox_4,,apb/theme/lbvox_4.mp3,0.5,,,,,,,menu,streamed,,,,,,,,,,,,,,
theme_lbvox_5,,apb/theme/lbvox_5.mp3,0.5,,,,,,,menu,streamed,,,,,,,,,,,,,,
theme_lbvox_6,,apb/theme/lbvox_6.mp3,0.5,,,,,,,menu,streamed,,,,,,,,,,,,,,
theme_lbvox_7,,apb/theme/lbvox_7.mp3,0.5,,,,,,,menu,streamed,,,,,,,,,,,,,,
theme_lbvox_8,,apb/theme/lbvox_8.mp3,0.5,,,,,,,menu,streamed,,,,,,,,,,,,,,
theme_lbvox_9,,apb/theme/lbvox_9.mp3,0.5,,,,,,,menu,streamed,,,,,,,,,,,,,,
theme_lbvox_10,,apb/theme/lbvox_10.mp3,0.5,,,,,,,menu,streamed,,,,,,,,,,,,,,
theme_lbvox_11,,apb/theme/lbvox_11.mp3,0.5,,,,,,,menu,streamed,,,,,,,,,,,,,,
theme_lbvox_12,,apb/theme/lbvox_12.mp3,0.5,,,,,,,menu,streamed,,,,,,,,,,,,,,
theme_lbvox_13,,apb/theme/lbvox_13.mp3,0.5,,,,,,,menu,streamed,,,,,,,,,,,,,,
theme_lbvox_14,,apb/theme/lbvox_14.mp3,0.5,,,,,,,menu,streamed,,,,,,,,,,,,,,
theme_lbvox_15,,apb/theme/lbvox_15.mp3,0.5,,,,,,,menu,streamed,,,,,,,,,,,,,,
theme_lbvox_16,,apb/theme/lbvox_16.mp3,0.5,,,,,,,menu,streamed,,,,,,,,,,,,,,
theme_lbvox_17,,apb/theme/lbvox_17.mp3,0.5,,,,,,,menu,streamed,,,,,,,,,,,,,,

theme_nobass_0,,apb/theme/nobass_0.mp3,0.75,,,,,,,menu,streamed,,,,,,,,,,,,,,
theme_nobass_1,,apb/theme/nobass_1.mp3,0.75,,,,,,,menu,streamed,,,,,,,,,,,,,,
theme_nobass_2,,apb/theme/nobass_2.mp3,0.75,,,,,,,menu,streamed,,,,,,,,,,,,,,
theme_nobass_3,,apb/theme/nobass_3.mp3,0.75,,,,,,,menu,streamed,,,,,,,,,,,,,,
theme_nobass_4,,apb/theme/nobass_4.mp3,0.75,,,,,,,menu,streamed,,,,,,,,,,,,,,
theme_nobass_5,,apb/theme/nobass_5.mp3,0.75,,,,,,,menu,streamed,,,,,,,,,,,,,,

theme_nobees_0,,apb/theme/nobees_0.mp3,0.5,,,,,,,menu,streamed,,,,,,,,,,,,,,
theme_nobees_1,,apb/theme/nobees_1.mp3,0.5,,,,,,,menu,streamed,,,,,,,,,,,,,,
theme_nobees_2,,apb/theme/nobees_2.mp3,0.5,,,,,,,menu,streamed,,,,,,,,,,,,,,
theme_nobees_3,,apb/theme/nobees_3.mp3,0.5,,,,,,,menu,streamed,,,,,,,,,,,,,,
theme_nobees_4,,apb/theme/nobees_4.mp3,0.5,,,,,,,menu,streamed,,,,,,,,,,,,,,
theme_nobees_5,,apb/theme/nobees_5.mp3,0.5,,,,,,,menu,streamed,,,,,,,,,,,,,,

theme_nodrums_0,,apb/theme/nodrums_0.mp3,0.5,,,,,,,menu,streamed,,,,,,,,,,,,,,
theme_nodrums_1,,apb/theme/nodrums_1.mp3,0.5,,,,,,,menu,streamed,,,,,,,,,,,,,,
theme_nodrums_2,,apb/theme/nodrums_2.mp3,0.5,,,,,,,menu,streamed,,,,,,,,,,,,,,
theme_nodrums_3,,apb/theme/nodrums_3.mp3,0.5,,,,,,,menu,streamed,,,,,,,,,,,,,,
theme_nodrums_4,,apb/theme/nodrums_4.mp3,0.5,,,,,,,menu,streamed,,,,,,,,,,,,,,
theme_nodrums_5,,apb/theme/nodrums_5.mp3,0.5,,,,,,,menu,streamed,,,,,,,,,,,,,,
theme_nodrums_6,,apb/theme/nodrums_6.mp3,0.5,,,,,,,menu,streamed,,,,,,,,,,,,,,
theme_nodrums_7,,apb/theme/nodrums_7.mp3,0.5,,,,,,,menu,streamed,,,,,,,,,,,,,,
theme_nodrums_8,,apb/theme/nodrums_8.mp3,0.5,,,,,,,menu,streamed,,,,,,,,,,,,,,
theme_nodrums_9,,apb/theme/nodrums_9.mp3,0.5,,,,,,,menu,streamed,,,,,,,,,,,,,,
theme_nodrums_10,,apb/theme/nodrums_10.mp3,0.5,,,,,,,menu,streamed,,,,,,,,,,,,,,
theme_nodrums_11,,apb/theme/nodrums_11.mp3,0.5,,,,,,,menu,streamed,,,,,,,,,,,,,,
theme_nodrums_12,,apb/theme/nodrums_12.mp3,0.5,,,,,,,menu,streamed,,,,,,,,,,,,,,
theme_nodrums_13,,apb/theme/nodrums_13.mp3,0.5,,,,,,,menu,streamed,,,,,,,,,,,,,,
theme_nodrums_14,,apb/theme/nodrums_14.mp3,0.5,,,,,,,menu,streamed,,,,,,,,,,,,,,
theme_nodrums_15,,apb/theme/nodrums_15.mp3,0.5,,,,,,,menu,streamed,,,,,,,,,,,,,,
theme_nodrums_16,,apb/theme/nodrums_16.mp3,0.5,,,,,,,menu,streamed,,,,,,,,,,,,,,
theme_nodrums_17,,apb/theme/nodrums_17.mp3,0.5,,,,,,,menu,streamed,,,,,,,,,,,,,,
theme_nodrums_18,,apb/theme/nodrums_18.mp3,0.5,,,,,,,menu,streamed,,,,,,,,,,,,,,
theme_nodrums_19,,apb/theme/nodrums_19.mp3,0.5,,,,,,,menu,streamed,,,,,,,,,,,,,,
theme_nodrums_20,,apb/theme/nodrums_20.mp3,0.5,,,,,,,menu,streamed,,,,,,,,,,,,,,
theme_nodrums_21,,apb/theme/nodrums_21.mp3,0.5,,,,,,,menu,streamed,,,,,,,,,,,,,,
theme_nodrums_22,,apb/theme/nodrums_22.mp3,0.5,,,,,,,menu,streamed,,,,,,,,,,,,,,
theme_nodrums_23,,apb/theme/nodrums_23.mp3,0.5,,,,,,,menu,streamed,,,,,,,,,,,,,,
theme_nodrums_24,,apb/theme/nodrums_24.mp3,0.5,,,,,,,menu,streamed,,,,,,,,,,,,,,
theme_nodrums_25,,apb/theme/nodrums_25.mp3,0.5,,,,,,,menu,streamed,,,,,,,,,,,,,,

theme_noorch1_0,,apb/theme/noorch1_0.mp3,0.5,,,,,,,menu,streamed,,,,,,,,,,,,,,
theme_noorch1_1,,apb/theme/noorch1_1.mp3,0.5,,,,,,,menu,streamed,,,,,,,,,,,,,,
theme_noorch1_2,,apb/theme/noorch1_2.mp3,0.5,,,,,,,menu,streamed,,,,,,,,,,,,,,
theme_noorch1_3,,apb/theme/noorch1_3.mp3,0.5,,,,,,,menu,streamed,,,,,,,,,,,,,,

theme_noorch2_0,,apb/theme/noorch2_0.mp3,0.5,,,,,,,menu,streamed,,,,,,,,,,,,,,
theme_noorch2_1,,apb/theme/noorch2_1.mp3,0.5,,,,,,,menu,streamed,,,,,,,,,,,,,,
theme_noorch2_2,,apb/theme/noorch2_2.mp3,0.5,,,,,,,menu,streamed,,,,,,,,,,,,,,
theme_noorch2_3,,apb/theme/noorch2_3.mp3,0.5,,,,,,,menu,streamed,,,,,,,,,,,,,,

theme_noorch3_0,,apb/theme/noorch3_0.mp3,0.5,,,,,,,menu,streamed,,,,,,,,,,,,,,
theme_noorch3_1,,apb/theme/noorch3_1.mp3,0.5,,,,,,,menu,streamed,,,,,,,,,,,,,,
theme_noorch3_2,,apb/theme/noorch3_2.mp3,0.5,,,,,,,menu,streamed,,,,,,,,,,,,,,
theme_noorch3_3,,apb/theme/noorch3_3.mp3,0.5,,,,,,,menu,streamed,,,,,,,,,,,,,,

theme_norise_0,,apb/theme/norise_0.mp3,1,,,,,,,menu,streamed,,,,,,,,,,,,,,
theme_norise_1,,apb/theme/norise_1.mp3,1,,,,,,,menu,streamed,,,,,,,,,,,,,,
theme_norise_2,,apb/theme/norise_2.mp3,1,,,,,,,menu,streamed,,,,,,,,,,,,,,
theme_norise_3,,apb/theme/norise_3.mp3,1,,,,,,,menu,streamed,,,,,,,,,,,,,,

theme_nostring_0,,apb/theme/nostring_0.mp3,0.5,,,,,,,menu,streamed,,,,,,,,,,,,,,
theme_nostring_1,,apb/theme/nostring_1.mp3,0.5,,,,,,,menu,streamed,,,,,,,,,,,,,,
theme_nostring_2,,apb/theme/nostring_2.mp3,0.5,,,,,,,menu,streamed,,,,,,,,,,,,,,
theme_nostring_3,,apb/theme/nostring_3.mp3,0.5,,,,,,,menu,streamed,,,,,,,,,,,,,,
theme_nostring_4,,apb/theme/nostring_4.mp3,0.5,,,,,,,menu,streamed,,,,,,,,,,,,,,

theme_noarp_0,,apb/theme/noarp_0.mp3,0.5,,,,,,,menu,streamed,,,,,,,,,,,,,,
theme_noarp_1,,apb/theme/noarp_1.mp3,0.5,,,,,,,menu,streamed,,,,,,,,,,,,,,
theme_noarp_2,,apb/theme/noarp_2.mp3,0.5,,,,,,,menu,streamed,,,,,,,,,,,,,,
theme_noarp_3,,apb/theme/noarp_3.mp3,0.5,,,,,,,menu,streamed,,,,,,,,,,,,,,

theme_stdrum_0,,apb/theme/stdrum_0.mp3,0.75,,,,,,,menu,streamed,,,,,,,,,,,,,,
theme_stdrum_1,,apb/theme/stdrum_1.mp3,0.75,,,,,,,menu,streamed,,,,,,,,,,,,,,
theme_stdrum_2,,apb/theme/stdrum_2.mp3,0.75,,,,,,,menu,streamed,,,,,,,,,,,,,,
theme_stdrum_3,,apb/theme/stdrum_3.mp3,0.75,,,,,,,menu,streamed,,,,,,,,,,,,,,
theme_stdrum_4,,apb/theme/stdrum_4.mp3,0.75,,,,,,,menu,streamed,,,,,,,,,,,,,,
theme_stdrum_5,,apb/theme/stdrum_5.mp3,0.75,,,,,,,menu,streamed,,,,,,,,,,,,,,
theme_stdrum_6,,apb/theme/stdrum_6.mp3,0.75,,,,,,,menu,streamed,,,,,,,,,,,,,,
theme_stdrum_7,,apb/theme/stdrum_7.mp3,0.75,,,,,,,menu,streamed,,,,,,,,,,,,,,
theme_stdrum_8,,apb/theme/stdrum_8.mp3,0.75,,,,,,,menu,streamed,,,,,,,,,,,,,,

theme_stharp_0,,apb/theme/stharp_0.mp3,0.5,,,,,,,menu,streamed,,,,,,,,,,,,,,
theme_stharp_1,,apb/theme/stharp_1.mp3,0.5,,,,,,,menu,streamed,,,,,,,,,,,,,,
theme_stharp_2,,apb/theme/stharp_2.mp3,0.5,,,,,,,menu,streamed,,,,,,,,,,,,,,
theme_stharp_3,,apb/theme/stharp_3.mp3,0.5,,,,,,,menu,streamed,,,,,,,,,,,,,,
theme_stharp_4,,apb/theme/stharp_4.mp3,0.5,,,,,,,menu,streamed,,,,,,,,,,,,,,
theme_stharp_5,,apb/theme/stharp_5.mp3,0.5,,,,,,,menu,streamed,,,,,,,,,,,,,,
theme_stharp_6,,apb/theme/stharp_6.mp3,0.5,,,,,,,menu,streamed,,,,,,,,,,,,,,
theme_stharp_7,,apb/theme/stharp_7.mp3,0.5,,,,,,,menu,streamed,,,,,,,,,,,,,,
theme_stharp_8,,apb/theme/stharp_8.mp3,0.5,,,,,,,menu,streamed,,,,,,,,,,,,,,
theme_stharp_9,,apb/theme/stharp_9.mp3,0.5,,,,,,,menu,streamed,,,,,,,,,,,,,,
theme_stharp_10,,apb/theme/stharp_10.mp3,0.5,,,,,,,menu,streamed,,,,,,,,,,,,,,
theme_stharp_11,,apb/theme/stharp_11.mp3,0.5,,,,,,,menu,streamed,,,,,,,,,,,,,,
theme_stharp_12,,apb/theme/stharp_12.mp3,0.5,,,,,,,menu,streamed,,,,,,,,,,,,,,
theme_stharp_13,,apb/theme/stharp_13.mp3,0.5,,,,,,,menu,streamed,,,,,,,,,,,,,,

theme_ststr_0,,apb/theme/ststr_0.mp3,0.25,,,,,,,menu,streamed,,,,,,,,,,,,,,
theme_ststr_1,,apb/theme/ststr_1.mp3,0.25,,,,,,,menu,streamed,,,,,,,,,,,,,,
theme_ststr_2,,apb/theme/ststr_2.mp3,0.25,,,,,,,menu,streamed,,,,,,,,,,,,,,
theme_ststr_3,,apb/theme/ststr_3.mp3,0.25,,,,,,,menu,streamed,,,,,,,,,,,,,,
theme_ststr_4,,apb/theme/ststr_4.mp3,0.25,,,,,,,menu,streamed,,,,,,,,,,,,,,
theme_ststr_5,,apb/theme/ststr_5.mp3,0.25,,,,,,,menu,streamed,,,,,,,,,,,,,,
theme_ststr_6,,apb/theme/ststr_6.mp3,0.25,,,,,,,menu,streamed,,,,,,,,,,,,,,
theme_ststr_7,,apb/theme/ststr_7.mp3,0.25,,,,,,,menu,streamed,,,,,,,,,,,,,,
theme_ststr_8,,apb/theme/ststr_8.mp3,0.25,,,,,,,menu,streamed,,,,,,,,,,,,,,
theme_ststr_9,,apb/theme/ststr_9.mp3,0.25,,,,,,,menu,streamed,,,,,,,,,,,,,,
theme_ststr_10,,apb/theme/ststr_10.mp3,0.25,,,,,,,menu,streamed,,,,,,,,,,,,,,
theme_ststr_11,,apb/theme/ststr_11.mp3,0.25,,,,,,,menu,streamed,,,,,,,,,,,,,,
theme_ststr_12,,apb/theme/ststr_12.mp3,0.25,,,,,,,menu,streamed,,,,,,,,,,,,,,
theme_ststr_13,,apb/theme/ststr_13.mp3,0.25,,,,,,,menu,streamed,,,,,,,,,,,,,,
theme_ststr_14,,apb/theme/ststr_14.mp3,0.25,,,,,,,menu,streamed,,,,,,,,,,,,,,
theme_ststr_15,,apb/theme/ststr_15.mp3,0.25,,,,,,,menu,streamed,,,,,,,,,,,,,,
theme_ststr_16,,apb/theme/ststr_16.mp3,0.25,,,,,,,menu,streamed,,,,,,,,,,,,,,

theme_synth1_0,,apb/theme/synth1_0.mp3,0.25,,,,,,,menu,streamed,,,,,,,,,,,,,,
theme_synth1_1,,apb/theme/synth1_1.mp3,0.25,,,,,,,menu,streamed,,,,,,,,,,,,,,
theme_synth1_2,,apb/theme/synth1_2.mp3,0.25,,,,,,,menu,streamed,,,,,,,,,,,,,,
theme_synth1_3,,apb/theme/synth1_3.mp3,0.25,,,,,,,menu,streamed,,,,,,,,,,,,,,
theme_synth1_4,,apb/theme/synth1_4.mp3,0.25,,,,,,,menu,streamed,,,,,,,,,,,,,,
theme_synth1_5,,apb/theme/synth1_5.mp3,0.25,,,,,,,menu,streamed,,,,,,,,,,,,,,
theme_synth1_6,,apb/theme/synth1_6.mp3,0.25,,,,,,,menu,streamed,,,,,,,,,,,,,,
theme_synth1_7,,apb/theme/synth1_7.mp3,0.25,,,,,,,menu,streamed,,,,,,,,,,,,,,
theme_synth1_8,,apb/theme/synth1_8.mp3,0.25,,,,,,,menu,streamed,,,,,,,,,,,,,,
theme_synth1_9,,apb/theme/synth1_9.mp3,0.25,,,,,,,menu,streamed,,,,,,,,,,,,,,
theme_synth1_10,,apb/theme/synth1_10.mp3,0.25,,,,,,,menu,streamed,,,,,,,,,,,,,,
theme_synth1_11,,apb/theme/synth1_11.mp3,0.25,,,,,,,menu,streamed,,,,,,,,,,,,,,
theme_synth1_12,,apb/theme/synth1_12.mp3,0.25,,,,,,,menu,streamed,,,,,,,,,,,,,,
theme_synth1_13,,apb/theme/synth1_13.mp3,0.25,,,,,,,menu,streamed,,,,,,,,,,,,,,
theme_synth1_14,,apb/theme/synth1_14.mp3,0.25,,,,,,,menu,streamed,,,,,,,,,,,,,,
theme_synth1_15,,apb/theme/synth1_15.mp3,0.25,,,,,,,menu,streamed,,,,,,,,,,,,,,
theme_synth1_16,,apb/theme/synth1_16.mp3,0.25,,,,,,,menu,streamed,,,,,,,,,,,,,,
theme_synth1_17,,apb/theme/synth1_17.mp3,0.25,,,,,,,menu,streamed,,,,,,,,,,,,,,
theme_synth1_18,,apb/theme/synth1_18.mp3,0.25,,,,,,,menu,streamed,,,,,,,,,,,,,,
theme_synth1_19,,apb/theme/synth1_19.mp3,0.25,,,,,,,menu,streamed,,,,,,,,,,,,,,
theme_synth1_20,,apb/theme/synth1_20.mp3,0.25,,,,,,,menu,streamed,,,,,,,,,,,,,,
theme_synth1_21,,apb/theme/synth1_21.mp3,0.25,,,,,,,menu,streamed,,,,,,,,,,,,,,
theme_synth1_22,,apb/theme/synth1_22.mp3,0.25,,,,,,,menu,streamed,,,,,,,,,,,,,,
theme_synth1_23,,apb/theme/synth1_23.mp3,0.25,,,,,,,menu,streamed,,,,,,,,,,,,,,
theme_synth1_24,,apb/theme/synth1_24.mp3,0.25,,,,,,,menu,streamed,,,,,,,,,,,,,,
theme_synth1_25,,apb/theme/synth1_25.mp3,0.25,,,,,,,menu,streamed,,,,,,,,,,,,,,
theme_synth1_26,,apb/theme/synth1_26.mp3,0.25,,,,,,,menu,streamed,,,,,,,,,,,,,,
theme_synth1_27,,apb/theme/synth1_27.mp3,0.25,,,,,,,menu,streamed,,,,,,,,,,,,,,
theme_synth1_28,,apb/theme/synth1_28.mp3,0.25,,,,,,,menu,streamed,,,,,,,,,,,,,,
theme_synth1_29,,apb/theme/synth1_29.mp3,0.25,,,,,,,menu,streamed,,,,,,,,,,,,,,
theme_synth1_30,,apb/theme/synth1_30.mp3,0.25,,,,,,,menu,streamed,,,,,,,,,,,,,,
theme_synth1_31,,apb/theme/synth1_31.mp3,0.25,,,,,,,menu,streamed,,,,,,,,,,,,,,

theme_synth2_0,,apb/theme/synth2_0.mp3,1,,,,,,,menu,streamed,,,,,,,,,,,,,,
theme_synth2_1,,apb/theme/synth2_1.mp3,1,,,,,,,menu,streamed,,,,,,,,,,,,,,
theme_synth2_2,,apb/theme/synth2_2.mp3,0.5,,,,,,,menu,streamed,,,,,,,,,,,,,,
theme_synth2_3,,apb/theme/synth2_3.mp3,0.5,,,,,,,menu,streamed,,,,,,,,,,,,,,
theme_synth2_4,,apb/theme/synth2_4.mp3,0.5,,,,,,,menu,streamed,,,,,,,,,,,,,,
theme_synth2_5,,apb/theme/synth2_5.mp3,0.5,,,,,,,menu,streamed,,,,,,,,,,,,,,
theme_synth2_6,,apb/theme/synth2_6.mp3,0.5,,,,,,,menu,streamed,,,,,,,,,,,,,,
theme_synth2_7,,apb/theme/synth2_7.mp3,0.5,,,,,,,menu,streamed,,,,,,,,,,,,,,
theme_synth2_8,,apb/theme/synth2_8.mp3,0.5,,,,,,,menu,streamed,,,,,,,,,,,,,,
theme_synth2_9,,apb/theme/synth2_9.mp3,0.5,,,,,,,menu,streamed,,,,,,,,,,,,,,